"Module Code","Module Name",Campus,"Program Type",Faculty,Department,Specialization,Level,Semester,"credited module (1=yes, 0=no)","module credits","credit price",CAT,Exam,"Module Project (yes/no)"
,"Food Marketing and Distribution Systems","Njala Campus",Postgraduate,"SCHOOL OF ENVIRONMENTAL SCIENCES","Animal Science ","Bachelor Of Science In Animal Health And Production","Year I",1,1,3,,0,0,
"AEC ","Food production and distribution","Njala Campus",Postgraduate,"SCHOOL OF ENVIRONMENTAL SCIENCES","Animal Science ","Bachelor Of Science With Honours In Crop Science","Year I",2,1,2,,0,0,
"AEC 31X","Agric marketing","Njala Campus",Undergraduate,"SCHOOL OF AGRICULTURE AND FOOD SCIENCES","Agriculture General","Bachelor Of Science With Honours In Agriculture General ","Year III",1,1,3,,0,0,
"AEC 31X","Agric marketing","Njala Campus",Undergraduate,"SCHOOL OF AGRICULTURE AND FOOD SCIENCES","Agriculture General","Bachelor Of Science With Honours In Agricultural Extension And Rural","Year III",1,1,3,,0,0,
"AEC 32X","Agric marketing","Njala Campus",Undergraduate,"SCHOOL OF AGRICULTURE AND FOOD SCIENCES","Agriculture General","Bachelor Of Science With Honours In Agricultural Extension And Rural","Year III",2,1,3,,0,0,
"AGE 122","Engineering Drawing and Design Graphics; Computer Aided Design and Drafting","Njala Campus",Undergraduate,"SCHOOL OF AGRICULTURE AND FOOD SCIENCES","Agriculture General","Bachelor Of Science With Honours In Agriculture General ","Year I",2,1,3,,0,0,
"AGE 122","Engineering Drawing and Design Graphics; Computer Aided Design and Drafting","Njala Campus",Undergraduate,"SCHOOL OF AGRICULTURE AND FOOD SCIENCES","Agriculture General","Bachelor Of Science With Honours In Agricultural Extension And Rural","Year I",2,1,3,,0,0,
"AGE 213","Agricultural Engineering I (Int. to land and water resources engineering)","Njala Campus",Undergraduate,"SCHOOL OF AGRICULTURE AND FOOD SCIENCES","Agriculture General","Bachelor Of Science With Honours In Agriculture General ","Year II",1,1,3,,0,0,
"AGE 213","Agricultural Engineering I (Int. to land and water resources engineering)","Njala Campus",Undergraduate,"SCHOOL OF AGRICULTURE AND FOOD SCIENCES","Agriculture General","Bachelor Of Science With Honours In Agricultural Extension And Rural","Year II",1,1,3,,0,0,
"AGE 214","Engineering Mathematics I (Advanced Calculus)","Njala Campus",Undergraduate,"SCHOOL OF AGRICULTURE AND FOOD SCIENCES","Agriculture General","Bachelor Of Science With Honours In Agriculture General ","Year II",1,1,3,,0,0,
"AGE 214","Engineering Mathematics I (Advanced Calculus)","Njala Campus",Undergraduate,"SCHOOL OF AGRICULTURE AND FOOD SCIENCES","Agriculture General","Bachelor Of Science With Honours In Agricultural Extension And Rural","Year II",1,1,3,,0,0,
"AGE 215","Engineering thermodynamics","Njala Campus",Undergraduate,"SCHOOL OF AGRICULTURE AND FOOD SCIENCES","Agriculture General","Bachelor Of Science With Honours In Agriculture General ","Year II",1,1,3,,0,0,
"AGE 215","Engineering thermodynamics","Njala Campus",Undergraduate,"SCHOOL OF AGRICULTURE AND FOOD SCIENCES","Agriculture General","Bachelor Of Science With Honours In Agricultural Extension And Rural","Year II",1,1,3,,0,0,
"AGE 216","Engineering Statistics","Njala Campus",Undergraduate,"SCHOOL OF AGRICULTURE AND FOOD SCIENCES","Agriculture General","Bachelor Of Science With Honours In Agriculture General ","Year II",1,1,3,,0,0,
"AGE 216","Engineering Statistics","Njala Campus",Undergraduate,"SCHOOL OF AGRICULTURE AND FOOD SCIENCES","Agriculture General","Bachelor Of Science With Honours In Agricultural Extension And Rural","Year II",1,1,3,,0,0,
"AGE 217","Engineering Mechanics I (Statics)","Njala Campus",Undergraduate,"SCHOOL OF AGRICULTURE AND FOOD SCIENCES","Agriculture General","Bachelor Of Science With Honours In Agriculture General ","Year II",1,1,3,,0,0,
"AGE 217","Engineering Mechanics I (Statics)","Njala Campus",Undergraduate,"SCHOOL OF AGRICULTURE AND FOOD SCIENCES","Agriculture General","Bachelor Of Science With Honours In Agricultural Extension And Rural","Year II",1,1,3,,0,0,
"AGE 2210","Computer Applications in Engineering and Technology","Njala Campus",Undergraduate,"SCHOOL OF AGRICULTURE AND FOOD SCIENCES","Agriculture General","Bachelor Of Science With Honours In Agriculture General ","Year II",2,1,3,,0,0,
"AGE 2210","Computer Applications in Engineering and Technology","Njala Campus",Undergraduate,"SCHOOL OF AGRICULTURE AND FOOD SCIENCES","Agriculture General","Bachelor Of Science With Honours In Agricultural Extension And Rural","Year II",2,1,3,,0,0,
"AGE 2211","Engineering Mechanics II (Dynamics)","Njala Campus",Undergraduate,"SCHOOL OF AGRICULTURE AND FOOD SCIENCES","Agriculture General","Bachelor Of Science With Honours In Agriculture General ","Year II",2,1,3,,0,0,
"AGE 2211","Engineering Mechanics II (Dynamics)","Njala Campus",Undergraduate,"SCHOOL OF AGRICULTURE AND FOOD SCIENCES","Agriculture General","Bachelor Of Science With Honours In Agricultural Extension And Rural","Year II",2,1,3,,0,0,
"AGE 2212","Electrical and Electronic Systems","Njala Campus",Undergraduate,"SCHOOL OF AGRICULTURE AND FOOD SCIENCES","Agriculture General","Bachelor Of Science With Honours In Agriculture General ","Year II",2,1,3,,0,0,
"AGE 2212","Electrical and Electronic Systems","Njala Campus",Undergraduate,"SCHOOL OF AGRICULTURE AND FOOD SCIENCES","Agriculture General","Bachelor Of Science With Honours In Agricultural Extension And Rural","Year II",2,1,3,,0,0,
"AGE 228","Agricultural  Engineering II (Int. to bio-production machinery engineering)","Njala Campus",Undergraduate,"SCHOOL OF AGRICULTURE AND FOOD SCIENCES","Agriculture General","Bachelor Of Science With Honours In Agriculture General ","Year II",2,1,3,,0,0,
"AGE 228","Agricultural  Engineering II (Int. to bio-production machinery engineering)","Njala Campus",Undergraduate,"SCHOOL OF AGRICULTURE AND FOOD SCIENCES","Agriculture General","Bachelor Of Science With Honours In Agricultural Extension And Rural","Year II",2,1,3,,0,0,
"AGE 229","Engineering  Mathematics II (Differential Equations)","Njala Campus",Undergraduate,"SCHOOL OF AGRICULTURE AND FOOD SCIENCES","Agriculture General","Bachelor Of Science With Honours In Agriculture General ","Year II",2,1,3,,0,0,
"AGE 229","Engineering  Mathematics II (Differential Equations)","Njala Campus",Undergraduate,"SCHOOL OF AGRICULTURE AND FOOD SCIENCES","Agriculture General","Bachelor Of Science With Honours In Agricultural Extension And Rural","Year II",2,1,3,,0,0,
"AGE 3113","Fluid mechanics","Njala Campus",Undergraduate,"SCHOOL OF AGRICULTURE AND FOOD SCIENCES","Agriculture General","Bachelor Of Science With Honours In Agriculture General ","Year III",1,1,3,,0,0,
"AGE 3113","Fluid mechanics","Njala Campus",Undergraduate,"SCHOOL OF AGRICULTURE AND FOOD SCIENCES","Agriculture General","Bachelor Of Science With Honours In Agricultural Extension And Rural","Year III",1,1,3,,0,0,
"AGE 3114","Mechanics of Materials and Machines","Njala Campus",Undergraduate,"SCHOOL OF AGRICULTURE AND FOOD SCIENCES","Agriculture General","Bachelor Of Science With Honours In Agriculture General ","Year III",1,1,3,,0,0,
"AGE 3114","Mechanics of Materials and Machines","Njala Campus",Undergraduate,"SCHOOL OF AGRICULTURE AND FOOD SCIENCES","Agriculture General","Bachelor Of Science With Honours In Agricultural Extension And Rural","Year III",1,1,3,,0,0,
"AGE 3115","Soil Mechanics","Njala Campus",Undergraduate,"SCHOOL OF AGRICULTURE AND FOOD SCIENCES","Agriculture General","Bachelor Of Science With Honours In Agriculture General ","Year III",1,1,3,,0,0,
"AGE 3115","Soil Mechanics","Njala Campus",Undergraduate,"SCHOOL OF AGRICULTURE AND FOOD SCIENCES","Agriculture General","Bachelor Of Science With Honours In Agricultural Extension And Rural","Year III",1,1,3,,0,0,
"AGE 3116","Irrigation and drainage","Njala Campus",Undergraduate,"SCHOOL OF AGRICULTURE AND FOOD SCIENCES","Agriculture General","Bachelor Of Science With Honours In Agriculture General ","Year III",1,1,3,,0,0,
"AGE 3116","Irrigation and drainage","Njala Campus",Undergraduate,"SCHOOL OF AGRICULTURE AND FOOD SCIENCES","Agriculture General","Bachelor Of Science With Honours In Agricultural Extension And Rural","Year III",1,1,3,,0,0,
"AGE 3117","Preservation and storage of Agric. and food products","Njala Campus",Undergraduate,"SCHOOL OF AGRICULTURE AND FOOD SCIENCES","Agriculture General","Bachelor Of Science With Honours In Agriculture General ","Year III",1,1,3,,0,0,
"AGE 3117","Preservation and storage of Agric. and food products","Njala Campus",Undergraduate,"SCHOOL OF AGRICULTURE AND FOOD SCIENCES","Agriculture General","Bachelor Of Science With Honours In Agricultural Extension And Rural","Year III",1,1,3,,0,0,
"AGE 3118","Environmental engineering energy studies","Njala Campus",Undergraduate,"SCHOOL OF AGRICULTURE AND FOOD SCIENCES","Agriculture General","Bachelor Of Science With Honours In Agriculture General ","Year III",1,1,3,,0,0,
"AGE 3118","Environmental engineering energy studies","Njala Campus",Undergraduate,"SCHOOL OF AGRICULTURE AND FOOD SCIENCES","Agriculture General","Bachelor Of Science With Honours In Agricultural Extension And Rural","Year III",1,1,3,,0,0,
"AGE 3119","Statistics for food, agricultural and biological sciences","Njala Campus",Undergraduate,"SCHOOL OF AGRICULTURE AND FOOD SCIENCES","Agriculture General","Bachelor Of Science With Honours In Agriculture General ","Year III",1,1,3,,0,0,
"AGE 3119","Statistics for food, agricultural and biological sciences","Njala Campus",Undergraduate,"SCHOOL OF AGRICULTURE AND FOOD SCIENCES","Agriculture General","Bachelor Of Science With Honours In Agricultural Extension And Rural","Year III",1,1,3,,0,0,
"AGE 3220","Farm mechanics and workshop technology","Njala Campus",Undergraduate,"SCHOOL OF AGRICULTURE AND FOOD SCIENCES","Agriculture General","Bachelor Of Science With Honours In Agriculture General ","Year III",2,1,3,,0,0,
"AGE 3220","Farm mechanics and workshop technology","Njala Campus",Undergraduate,"SCHOOL OF AGRICULTURE AND FOOD SCIENCES","Agriculture General","Bachelor Of Science With Honours In Agricultural Extension And Rural","Year III",2,1,3,,0,0,
"AGE 3221","Agricultural Tractors and Off-road Vehicles","Njala Campus",Undergraduate,"SCHOOL OF AGRICULTURE AND FOOD SCIENCES","Agriculture General","Bachelor Of Science With Honours In Agriculture General ","Year III",2,1,3,,0,0,
"AGE 3221","Agricultural Tractors and Off-road Vehicles","Njala Campus",Undergraduate,"SCHOOL OF AGRICULTURE AND FOOD SCIENCES","Agriculture General","Bachelor Of Science With Honours In Agricultural Extension And Rural","Year III",2,1,3,,0,0,
"AGE 3222","Agro-processing and material handling systems","Njala Campus",Undergraduate,"SCHOOL OF AGRICULTURE AND FOOD SCIENCES","Agriculture General","Bachelor Of Science With Honours In Agriculture General ","Year III",2,1,3,,0,0,
"AGE 3222","Agro-processing and material handling systems","Njala Campus",Undergraduate,"SCHOOL OF AGRICULTURE AND FOOD SCIENCES","Agriculture General","Bachelor Of Science With Honours In Agricultural Extension And Rural","Year III",2,1,3,,0,0,
"AGE 3223","Bio-production machinery","Njala Campus",Undergraduate,"SCHOOL OF AGRICULTURE AND FOOD SCIENCES","Agriculture General","Bachelor Of Science With Honours In Agriculture General ","Year III",2,1,3,,0,0,
"AGE 3223","Bio-production machinery","Njala Campus",Undergraduate,"SCHOOL OF AGRICULTURE AND FOOD SCIENCES","Agriculture General","Bachelor Of Science With Honours In Agricultural Extension And Rural","Year III",2,1,3,,0,0,
"AGE 3224","Land development and Geomatic engineering","Njala Campus",Undergraduate,"SCHOOL OF AGRICULTURE AND FOOD SCIENCES","Agriculture General","Bachelor Of Science With Honours In Agriculture General ","Year III",2,1,3,,0,0,
"AGE 3224","Land development and Geomatic engineering","Njala Campus",Undergraduate,"SCHOOL OF AGRICULTURE AND FOOD SCIENCES","Agriculture General","Bachelor Of Science With Honours In Agricultural Extension And Rural","Year III",2,1,3,,0,0,
"AGE 3225","Design and construction of livestock installations and aquacultures","Njala Campus",Undergraduate,"SCHOOL OF AGRICULTURE AND FOOD SCIENCES","Agriculture General","Bachelor Of Science With Honours In Agriculture General ","Year III",2,1,3,,0,0,
"AGE 3225","Design and construction of livestock installations and aquacultures","Njala Campus",Undergraduate,"SCHOOL OF AGRICULTURE AND FOOD SCIENCES","Agriculture General","Bachelor Of Science With Honours In Agricultural Extension And Rural","Year III",2,1,3,,0,0,
"AGE 3226","Food and bioprocess engineering","Njala Campus",Undergraduate,"SCHOOL OF AGRICULTURE AND FOOD SCIENCES","Agriculture General","Bachelor Of Science With Honours In Agriculture General ","Year III",2,1,3,,0,0,
"AGE 4127","Management of engineering projects and operations","Njala Campus",Undergraduate,"SCHOOL OF AGRICULTURE AND FOOD SCIENCES","Agriculture General","Bachelor Of Science With Honours In Agriculture General ","Year IV",1,1,3,,0,0,
"AGE 4127","Management of engineering projects and operations","Njala Campus",Undergraduate,"SCHOOL OF AGRICULTURE AND FOOD SCIENCES","Agriculture General","Bachelor Of Science With Honours In Agricultural Extension And Rural","Year IV",1,1,3,,0,0,
"AGE 4128","Mechanization of agricultural and bio-production systems","Njala Campus",Undergraduate,"SCHOOL OF AGRICULTURE AND FOOD SCIENCES","Agriculture General","Bachelor Of Science With Honours In Agriculture General ","Year IV",1,1,3,,0,0,
"AGE 4128","Mechanization of agricultural and bio-production systems","Njala Campus",Undergraduate,"SCHOOL OF AGRICULTURE AND FOOD SCIENCES","Agriculture General","Bachelor Of Science With Honours In Agricultural Extension And Rural","Year IV",1,1,3,,0,0,
"AGE 4129","Design of Agricultural and Food Processing Machines","Njala Campus",Undergraduate,"SCHOOL OF AGRICULTURE AND FOOD SCIENCES","Agriculture General","Bachelor Of Science With Honours In Agriculture General ","Year IV",1,1,3,,0,0,
"AGE 4129","Design of Agricultural and Food Processing Machines","Njala Campus",Undergraduate,"SCHOOL OF AGRICULTURE AND FOOD SCIENCES","Agriculture General","Bachelor Of Science With Honours In Agricultural Extension And Rural","Year IV",1,1,3,,0,0,
"AGE 4130","Contemporary issues in Agro-Industrial and Rural Dev.","Njala Campus",Undergraduate,"SCHOOL OF AGRICULTURE AND FOOD SCIENCES","Agriculture General","Bachelor Of Science With Honours In Agriculture General ","Year IV",1,1,3,,0,0,
"AGE 4130","Contemporary issues in Agro-Industrial and Rural Dev.","Njala Campus",Undergraduate,"SCHOOL OF AGRICULTURE AND FOOD SCIENCES","Agriculture General","Bachelor Of Science With Honours In Agricultural Extension And Rural","Year IV",1,1,3,,0,0,
"AGE 4131","Design and construction of rural roads","Njala Campus",Undergraduate,"SCHOOL OF AGRICULTURE AND FOOD SCIENCES","Agriculture General","Bachelor Of Science With Honours In Agriculture General ","Year IV",1,1,3,,0,0,
"AGE 4131","Design and construction of rural roads","Njala Campus",Undergraduate,"SCHOOL OF AGRICULTURE AND FOOD SCIENCES","Agriculture General","Bachelor Of Science With Honours In Agricultural Extension And Rural","Year IV",1,1,3,,0,0,
"AGE 4132","Land and water resources management","Njala Campus",Undergraduate,"SCHOOL OF AGRICULTURE AND FOOD SCIENCES","Agriculture General","Bachelor Of Science With Honours In Agriculture General ","Year IV",1,1,3,,0,0,
"AGE 4132","Land and water resources management","Njala Campus",Undergraduate,"SCHOOL OF AGRICULTURE AND FOOD SCIENCES","Agriculture General","Bachelor Of Science With Honours In Agricultural Extension And Rural","Year IV",1,1,3,,0,0,
"AGE 4133","Design, construction and installation of agro-processing facilities","Njala Campus",Undergraduate,"SCHOOL OF AGRICULTURE AND FOOD SCIENCES","Agriculture General","Bachelor Of Science With Honours In Agriculture General ","Year IV",1,1,3,,0,0,
"AGE 4133","Design, construction and installation of agro-processing facilities","Njala Campus",Undergraduate,"SCHOOL OF AGRICULTURE AND FOOD SCIENCES","Agriculture General","Bachelor Of Science With Honours In Agricultural Extension And Rural","Year IV",1,1,3,,0,0,
"AGE 4134","Modeling  agricultural and biological systems","Njala Campus",Undergraduate,"SCHOOL OF AGRICULTURE AND FOOD SCIENCES","Agriculture General","Bachelor Of Science With Honours In Agriculture General ","Year IV",1,1,3,,0,0,
"AGE 511","Handling Agricultural Materials","Njala Campus",Postgraduate,"SCHOOL OF ENVIRONMENTAL SCIENCES","Animal Science ","Bachelor Of Science In Animal Health And Production","Year I",1,1,3,,0,0,
"AGE 512","Crop Drying","Njala Campus",Postgraduate,"SCHOOL OF ENVIRONMENTAL SCIENCES","Animal Science ","Bachelor Of Science In Animal Health And Production","Year I",1,1,3,,0,0,
"AGE 513","Crop Storage and Preservation","Njala Campus",Postgraduate,"SCHOOL OF ENVIRONMENTAL SCIENCES","Animal Science ","Bachelor Of Science In Animal Health And Production","Year I",1,1,3,,0,0,
"AGE 514","Principles of Food Engineering","Njala Campus",Postgraduate,"SCHOOL OF ENVIRONMENTAL SCIENCES","Animal Science ","Bachelor Of Science In Animal Health And Production","Year I",1,1,3,,0,0,
"AGE 515","Instrumentation and Management of Post- Harvest Systems","Njala Campus",Postgraduate,"SCHOOL OF ENVIRONMENTAL SCIENCES","Animal Science ","Bachelor Of Science In Animal Health And Production","Year I",1,1,3,,0,0,
"AGE 611","Engineering drawing and design graphics","Njala Campus",Postgraduate,"SCHOOL OF ENVIRONMENTAL SCIENCES","Animal Science ","Bachelor Of Science With Honours In Crop Science","Year I",1,1,2,,0,0,
"AGE 611*","Engineering drawing and design graphics","Njala Campus",Postgraduate,"SCHOOL OF ENVIRONMENTAL SCIENCES","Animal Science ","Bachelor Of Science With Honours In Crop Protection ","Year I",1,1,2,,0,0,
"AGE 612","Strength of materials","Njala Campus",Postgraduate,"SCHOOL OF ENVIRONMENTAL SCIENCES","Animal Science ","Bachelor Of Science With Honours In Crop Science","Year I",1,1,2,,0,0,
"AGE 612","Strength of materials","Njala Campus",Postgraduate,"SCHOOL OF ENVIRONMENTAL SCIENCES","Animal Science ","Bachelor Of Science With Honours In Crop Protection ","Year I",1,1,2,,0,0,
"AGE 613","Engineering properties of biological materials","Njala Campus",Postgraduate,"SCHOOL OF ENVIRONMENTAL SCIENCES","Animal Science ","Bachelor Of Science With Honours In Crop Science","Year I",1,1,3,,0,0,
"AGE 614","Instrumentation as applied to Post- Harvest Systems","Njala Campus",Postgraduate,"SCHOOL OF ENVIRONMENTAL SCIENCES","Animal Science ","Bachelor Of Science With Honours In Crop Science","Year I",1,1,2,,0,0,
"AGE 615","Crop processing","Njala Campus",Postgraduate,"SCHOOL OF ENVIRONMENTAL SCIENCES","Animal Science ","Bachelor Of Science With Honours In Crop Science","Year I",1,1,4,,0,0,
"AGE 615","Crop processing","Njala Campus",Postgraduate,"SCHOOL OF ENVIRONMENTAL SCIENCES","Animal Science ","Bachelor Of Science With Honours In Crop Protection ","Year I",1,1,3,,0,0,
"AGE 617",Hydraulics,"Njala Campus",Postgraduate,"SCHOOL OF ENVIRONMENTAL SCIENCES","Animal Science ","Bachelor Of Science With Honours In Crop Protection ","Year I",1,1,4,,0,0,
"AGE 618","Soil physics","Njala Campus",Postgraduate,"SCHOOL OF ENVIRONMENTAL SCIENCES","Animal Science ","Bachelor Of Science With Honours In Crop Protection ","Year I",1,1,3,,0,0,
"AGE 619","Hydrology and water resources","Njala Campus",Postgraduate,"SCHOOL OF ENVIRONMENTAL SCIENCES","Animal Science ","Bachelor Of Science With Honours In Crop Protection ","Year I",1,1,4,,0,0,
"AGE 621","Crop storage and preservation","Njala Campus",Postgraduate,"SCHOOL OF ENVIRONMENTAL SCIENCES","Animal Science ","Bachelor Of Science With Honours In Crop Science","Year I",2,1,4,,0,0,
"AGE 622","Farm building","Njala Campus",Postgraduate,"SCHOOL OF ENVIRONMENTAL SCIENCES","Animal Science ","Bachelor Of Science With Honours In Crop Science","Year I",2,1,3,,0,0,
"AGE 623","Design and development of appropriate crop storage and processing systems","Njala Campus",Postgraduate,"SCHOOL OF ENVIRONMENTAL SCIENCES","Animal Science ","Bachelor Of Science With Honours In Crop Science","Year I",2,1,4,,0,0,
"AGE 624","Management of post-harvest systems","Njala Campus",Postgraduate,"SCHOOL OF ENVIRONMENTAL SCIENCES","Animal Science ","Bachelor Of Science With Honours In Crop Science","Year I",2,1,3,,0,0,
"AGE 625","Experimental design and analysis","Njala Campus",Postgraduate,"SCHOOL OF ENVIRONMENTAL SCIENCES","Animal Science ","Bachelor Of Science With Honours In Crop Science","Year I",2,1,2,,0,0,
"AGE 625","Experimental design and analysis","Njala Campus",Postgraduate,"SCHOOL OF ENVIRONMENTAL SCIENCES","Animal Science ","Bachelor Of Science With Honours In Crop Protection ","Year I",1,1,4,,0,0,
"AGE 626","Land improvement engineering","Njala Campus",Postgraduate,"SCHOOL OF ENVIRONMENTAL SCIENCES","Animal Science ","Bachelor Of Science With Honours In Crop Protection ","Year I",1,1,4,,0,0,
"AGE 627","Irrigation engineering","Njala Campus",Postgraduate,"SCHOOL OF ENVIRONMENTAL SCIENCES","Animal Science ","Bachelor Of Science With Honours In Crop Protection ","Year I",1,1,4,,0,0,
"AGE 628","Soil conservation","Njala Campus",Postgraduate,"SCHOOL OF ENVIRONMENTAL SCIENCES","Animal Science ","Bachelor Of Science With Honours In Crop Protection ","Year I",1,1,4,,0,0,
"AGE 629","Water supply and storage","Njala Campus",Postgraduate,"SCHOOL OF ENVIRONMENTAL SCIENCES","Animal Science ","Bachelor Of Science With Honours In Crop Protection ","Year I",1,1,3,,0,0,
"ANS 32X","Animal physiology","Njala Campus",Undergraduate,"SCHOOL OF AGRICULTURE AND FOOD SCIENCES","Agriculture General","Bachelor Of Science With Honours In Agricultural Extension And Rural","Year III",2,1,3,,0,0,
"BIOL  111","Cellular and Molecular Biology","Njala Campus",Undergraduate,"SCHOOL OF AGRICULTURE AND FOOD SCIENCES","Agriculture General","Bachelor Of Science With Honours In Agricultural Extension And Rural","Year I",1,1,3,,0,0,
"BIOL  121","Introduction to Botany & Zoology?","Njala Campus",Undergraduate,"SCHOOL OF AGRICULTURE AND FOOD SCIENCES","Agriculture General","Bachelor Of Science With Honours In Agricultural Extension And Rural","Year I",2,1,3,,0,0,
"BIOL 111","Cellular & Molecular Biology","Njala Campus",Undergraduate,"SCHOOL OF AGRICULTURE AND FOOD SCIENCES","Agriculture General","Bachelor Of Science With Honours In Agriculture General ","Year I",1,1,3,,0,0,
"BIOL 111","Cellular & Molecular Biology","Njala Campus",Undergraduate,"SCHOOL OF NATURAL RESOURCES MANAGEMENT","Biological Sciences","Bachelor Of Science With Honours In Mathematics With Computer Science","Year I",1,1,3,,0,0,
"BIOL 121","Introduction to Botany & Zoology?","Njala Campus",Undergraduate,"SCHOOL OF AGRICULTURE AND FOOD SCIENCES","Agriculture General","Bachelor Of Science With Honours In Agriculture General ","Year I",2,1,3,,0,0,
"BIOL 122","Introduction to Botany, Zoology& Ecology","Njala Campus",Undergraduate,"SCHOOL OF NATURAL RESOURCES MANAGEMENT","Biological Sciences","Bachelor Of Science With Honours In Statistics","Year I",2,1,3,,0,0,
"BIOL 122","Introduction to Botany, Zoology& Ecology","Njala Campus",Undergraduate,"SCHOOL OF NATURAL RESOURCES MANAGEMENT","Biological Sciences","Bachelor Of Science With Honours In Mathematics With Computer Science","Year I",2,1,3,,0,0,
"BIOL 211","Plant Morphology & Taxonomy","Njala Campus",Undergraduate,"SCHOOL OF NATURAL RESOURCES MANAGEMENT","Biological Sciences","Bachelor Of Science With Honours In Statistics","Year II",1,1,3,,0,0,
"BIOL 211","Plant Morphology & Taxonomy","Njala Campus",Undergraduate,"SCHOOL OF NATURAL RESOURCES MANAGEMENT","Biological Sciences","Bachelor Of Science With Honours In Mathematics With Computer Science","Year II",1,1,3,,0,0,
"BIOL 212","Invertebrate Zoology","Njala Campus",Undergraduate,"SCHOOL OF NATURAL RESOURCES MANAGEMENT","Biological Sciences","Bachelor Of Science With Honours In Statistics","Year II",1,1,3,,0,0,
"BIOL 212","Invertebrate Zoology","Njala Campus",Undergraduate,"SCHOOL OF NATURAL RESOURCES MANAGEMENT","Biological Sciences","Bachelor Of Science With Honours In Mathematics With Computer Science","Year II",1,1,3,,0,0,
"BIOL 213","Animal Physiology","Njala Campus",Undergraduate,"SCHOOL OF NATURAL RESOURCES MANAGEMENT","Biological Sciences","Bachelor Of Science With Honours In Statistics","Year II",1,1,3,,0,0,
"BIOL 213","Animal Physiology","Njala Campus",Undergraduate,"SCHOOL OF NATURAL RESOURCES MANAGEMENT","Biological Sciences","Bachelor Of Science With Honours In Mathematics With Computer Science","Year II",1,1,3,,0,0,
"BIOL 219","Biosafety & Biosecurity","Njala Campus",Undergraduate,"SCHOOL OF NATURAL RESOURCES MANAGEMENT","Biological Sciences","Bachelor Of Science With Honours In Statistics","Year II",1,1,3,,0,0,
"BIOL 221","Plant Anatomy & Histology","Njala Campus",Undergraduate,"SCHOOL OF NATURAL RESOURCES MANAGEMENT","Biological Sciences","Bachelor Of Science With Honours In Statistics","Year II",2,1,3,,0,0,
"BIOL 221","Plant Anatomy & Histology","Njala Campus",Undergraduate,"SCHOOL OF NATURAL RESOURCES MANAGEMENT","Biological Sciences","Bachelor Of Science With Honours In Mathematics With Computer Science","Year II",2,1,3,,0,0,
"BIOL 222","Vertebrate Zoology","Njala Campus",Undergraduate,"SCHOOL OF NATURAL RESOURCES MANAGEMENT","Biological Sciences","Bachelor Of Science With Honours In Statistics","Year II",2,1,3,,0,0,
"BIOL 222","Vertebrate Zoology","Njala Campus",Undergraduate,"SCHOOL OF NATURAL RESOURCES MANAGEMENT","Biological Sciences","Bachelor Of Science With Honours In Mathematics With Computer Science","Year II",2,1,3,,0,0,
"BIOL 223","General Ecology","Njala Campus",Undergraduate,"SCHOOL OF NATURAL RESOURCES MANAGEMENT","Biological Sciences","Bachelor Of Science With Honours In Statistics","Year II",2,1,3,,0,0,
"BIOL 223","General Ecology","Njala Campus",Undergraduate,"SCHOOL OF NATURAL RESOURCES MANAGEMENT","Biological Sciences","Bachelor Of Science With Honours In Mathematics With Computer Science","Year II",2,1,3,,0,0,
"BIOL 227","Research Methods & Critical Thinking","Njala Campus",Undergraduate,"SCHOOL OF NATURAL RESOURCES MANAGEMENT","Biological Sciences","Bachelor Of Science With Honours In Statistics","Year II",2,1,3,,0,0,
"BIOL 227","Research Methods & Critical Thinking","Njala Campus",Undergraduate,"SCHOOL OF NATURAL RESOURCES MANAGEMENT","Biological Sciences","Bachelor Of Science With Honours In Mathematics With Computer Science","Year II",2,1,3,,0,0,
"BIOL 311","Plant Physiology","Njala Campus",Undergraduate,"SCHOOL OF NATURAL RESOURCES MANAGEMENT","Biological Sciences","Bachelor Of Science With Honours In Statistics","Year III",1,1,3,,0,0,
"BIOL 311","Plant Physiology","Njala Campus",Undergraduate,"SCHOOL OF NATURAL RESOURCES MANAGEMENT","Biological Sciences","Bachelor Of Science With Honours In Mathematics With Computer Science","Year III",1,1,3,,0,0,
"BIOL 312",Microbiology,"Njala Campus",Undergraduate,"SCHOOL OF NATURAL RESOURCES MANAGEMENT","Biological Sciences","Bachelor Of Science With Honours In Statistics","Year III",1,1,3,,0,0,
"BIOL 312",Microbiology,"Njala Campus",Undergraduate,"SCHOOL OF NATURAL RESOURCES MANAGEMENT","Biological Sciences","Bachelor Of Science With Honours In Mathematics With Computer Science","Year III",1,1,3,,0,0,
"BIOL 313","Biostatistics & Bio-informatics I","Njala Campus",Undergraduate,"SCHOOL OF NATURAL RESOURCES MANAGEMENT","Biological Sciences","Bachelor Of Science With Honours In Statistics","Year III",1,1,3,,0,0,
"BIOL 313","Biostatistics & Bio-informatics I","Njala Campus",Undergraduate,"SCHOOL OF NATURAL RESOURCES MANAGEMENT","Biological Sciences","Bachelor Of Science With Honours In Mathematics With Computer Science","Year III",1,1,3,,0,0,
"BIOL 314",Genetics,"Njala Campus",Undergraduate,"SCHOOL OF NATURAL RESOURCES MANAGEMENT","Biological Sciences","Bachelor Of Science With Honours In Statistics","Year III",1,1,3,,0,0,
"BIOL 314",Genetics,"Njala Campus",Undergraduate,"SCHOOL OF NATURAL RESOURCES MANAGEMENT","Biological Sciences","Bachelor Of Science With Honours In Mathematics With Computer Science","Year III",1,1,3,,0,0,
"BIOL 315",Biochemistry,"Njala Campus",Undergraduate,"SCHOOL OF NATURAL RESOURCES MANAGEMENT","Biological Sciences","Bachelor Of Science With Honours In Statistics","Year III",1,1,3,,0,0,
"BIOL 315",Biochemistry,"Njala Campus",Undergraduate,"SCHOOL OF NATURAL RESOURCES MANAGEMENT","Biological Sciences","Bachelor Of Science With Honours In Mathematics With Computer Science","Year III",1,1,3,,0,0,
"BIOL 31X",Microbiology,"Njala Campus",Undergraduate,"SCHOOL OF AGRICULTURE AND FOOD SCIENCES","Agriculture General","Bachelor Of Science With Honours In Agriculture General ","Year III",1,1,3,,0,0,
"BIOL 31X",Microbiology,"Njala Campus",Undergraduate,"SCHOOL OF AGRICULTURE AND FOOD SCIENCES","Agriculture General","Bachelor Of Science With Honours In Agricultural Extension And Rural","Year III",1,1,3,,0,0,
"BIOL 321","Cellular & Molecular Immunology","Njala Campus",Undergraduate,"SCHOOL OF NATURAL RESOURCES MANAGEMENT","Biological Sciences","Bachelor Of Science With Honours In Statistics","Year III",2,1,3,,0,0,
"BIOL 321","Cellular & Molecular Immunology","Njala Campus",Undergraduate,"SCHOOL OF NATURAL RESOURCES MANAGEMENT","Biological Sciences","Bachelor Of Science With Honours In Mathematics With Computer Science","Year III",2,1,3,,0,0,
"BIOL 322","Medical Entomology","Njala Campus",Undergraduate,"SCHOOL OF NATURAL RESOURCES MANAGEMENT","Biological Sciences","Bachelor Of Science With Honours In Statistics","Year III",2,1,3,,0,0,
"BIOL 322","Medical Entomology","Njala Campus",Undergraduate,"SCHOOL OF NATURAL RESOURCES MANAGEMENT","Biological Sciences","Bachelor Of Science With Honours In Mathematics With Computer Science","Year III",2,1,3,,0,0,
"BIOL 324",Parasitology,"Njala Campus",Undergraduate,"SCHOOL OF NATURAL RESOURCES MANAGEMENT","Biological Sciences","Bachelor Of Science With Honours In Statistics","Year III",2,1,3,,0,0,
"BIOL 324",Parasitology,"Njala Campus",Undergraduate,"SCHOOL OF NATURAL RESOURCES MANAGEMENT","Biological Sciences","Bachelor Of Science With Honours In Mathematics With Computer Science","Year III",2,1,3,,0,0,
"BIOL 325",Biotechnology,"Njala Campus",Undergraduate,"SCHOOL OF NATURAL RESOURCES MANAGEMENT","Biological Sciences","Bachelor Of Science With Honours In Statistics","Year III",2,1,3,,0,0,
"BIOL 325",Biotechnology,"Njala Campus",Undergraduate,"SCHOOL OF NATURAL RESOURCES MANAGEMENT","Biological Sciences","Bachelor Of Science With Honours In Mathematics With Computer Science","Year III",2,1,3,,0,0,
"BIOL 326","Biostatistics & Bio-informatics II","Njala Campus",Undergraduate,"SCHOOL OF NATURAL RESOURCES MANAGEMENT","Biological Sciences","Bachelor Of Science With Honours In Statistics","Year III",2,1,3,,0,0,
"BIOL 326","Biostatistics & Bio-informatics II","Njala Campus",Undergraduate,"SCHOOL OF NATURAL RESOURCES MANAGEMENT","Biological Sciences","Bachelor Of Science With Honours In Mathematics With Computer Science","Year III",2,1,3,,0,0,
"BIOL 327","Vegetation & Herbarium Studies","Njala Campus",Undergraduate,"SCHOOL OF NATURAL RESOURCES MANAGEMENT","Biological Sciences","Bachelor Of Science With Honours In Mathematics With Computer Science","Year III",2,1,3,,0,0,
"BIOL 411",Ethnobotany,"Njala Campus",Undergraduate,"SCHOOL OF NATURAL RESOURCES MANAGEMENT","Biological Sciences","Bachelor Of Science With Honours In Statistics","Year IV",1,1,3,,0,0,
"BIOL 411",Ethnobotany,"Njala Campus",Undergraduate,"SCHOOL OF NATURAL RESOURCES MANAGEMENT","Biological Sciences","Bachelor Of Science With Honours In Mathematics With Computer Science","Year IV",1,1,3,,0,0,
"BIOL 412","Aquatic & Marine Biology","Njala Campus",Undergraduate,"SCHOOL OF NATURAL RESOURCES MANAGEMENT","Biological Sciences","Bachelor Of Science With Honours In Statistics","Year IV",1,1,3,,0,0,
"BIOL 413","Wildlife Legislation & Administration","Njala Campus",Undergraduate,"SCHOOL OF NATURAL RESOURCES MANAGEMENT","Biological Sciences","Bachelor Of Science With Honours In Statistics","Year IV",1,1,3,,0,0,
"BIOL 414",Phytopathology,"Njala Campus",Undergraduate,"SCHOOL OF NATURAL RESOURCES MANAGEMENT","Biological Sciences","Bachelor Of Science With Honours In Statistics","Year IV",1,1,3,,0,0,
"BIOL 415","Epidemiology of Viral Pathogens","Njala Campus",Undergraduate,"SCHOOL OF NATURAL RESOURCES MANAGEMENT","Biological Sciences","Bachelor Of Science With Honours In Statistics","Year IV",1,1,3,,0,0,
"BIOL 417","Evolutionary Ecology of West African Mammals","Njala Campus",Undergraduate,"SCHOOL OF NATURAL RESOURCES MANAGEMENT","Biological Sciences","Bachelor Of Science With Honours In Statistics","Year IV",1,1,3,,0,0,
BIOL111,"Cellular and Molecular Biology","Njala Campus",Undergraduate,"SCHOOL OF NATURAL RESOURCES MANAGEMENT","Biological Sciences","Bachelor Of Science With Honours In Statistics","Year I",1,1,3,,0,0,
"BIT 111","Principles of Economics","Njala Campus",Undergraduate,"SCHOOL OF AGRICULTURE AND FOOD SCIENCES","Crop Science","Bachelor Of Science With Honours In Soil Science(","Year I",1,1,3,,0,0,
"BIT 122","Introduction to Accounting","Njala Campus",Undergraduate,"SCHOOL OF AGRICULTURE AND FOOD SCIENCES","Crop Science","Bachelor Of Science With Honours In Soil Science(","Year I",2,1,3,,0,0,
"BIT 223","Financial Accounting","Njala Campus",Undergraduate,"SCHOOL OF AGRICULTURE AND FOOD SCIENCES","Crop Science","Bachelor Of Science With Honours In Soil Science(","Year II",2,1,3,,0,0,
"BIT 224","Business Research Methods & Design","Njala Campus",Undergraduate,"SCHOOL OF AGRICULTURE AND FOOD SCIENCES","Crop Science","Bachelor Of Science With Honours In Soil Science(","Year II",2,1,3,,0,0,
"BIT 315","Principles of Management","Njala Campus",Undergraduate,"SCHOOL OF AGRICULTURE AND FOOD SCIENCES","Crop Science","Bachelor Of Science With Honours In Soil Science(","Year III",1,1,3,,0,0,
"BIT 316","Performance Management","Njala Campus",Undergraduate,"SCHOOL OF AGRICULTURE AND FOOD SCIENCES","Crop Science","Bachelor Of Science With Honours In Soil Science(","Year III",1,1,3,,0,0,
"BIT 317","Principles of Marketing","Njala Campus",Undergraduate,"SCHOOL OF AGRICULTURE AND FOOD SCIENCES","Crop Science","Bachelor Of Science With Honours In Soil Science(","Year III",1,1,3,,0,0,
"BIT 318","Management Information Systems","Njala Campus",Undergraduate,"SCHOOL OF AGRICULTURE AND FOOD SCIENCES","Crop Science","Bachelor Of Science With Honours In Soil Science(","Year III",1,1,3,,0,0,
"BIT 318","Management Information Systems","Njala Campus",Undergraduate,"SCHOOL OF AGRICULTURE AND FOOD SCIENCES","Crop Science","Bachelor Of Science With Honours In Home Economics And Community Developmen","Year III",1,1,1,,0,0,
"BIT 3210 ","Business Information System Development ","Njala Campus",Undergraduate,"SCHOOL OF AGRICULTURE AND FOOD SCIENCES","Crop Science","Bachelor Of Science With Honours In Soil Science(","Year III",2,1,3,,0,0,
"BIT 3211","Financial modelling: Tools and Technique","Njala Campus",Undergraduate,"SCHOOL OF AGRICULTURE AND FOOD SCIENCES","Crop Science","Bachelor Of Science With Honours In Soil Science(","Year III",2,1,3,,0,0,
"BIT 3212","Information Systems in Organisations","Njala Campus",Undergraduate,"SCHOOL OF AGRICULTURE AND FOOD SCIENCES","Crop Science","Bachelor Of Science With Honours In Soil Science(","Year III",2,1,3,,0,0,
"BIT 3212","Information Systems in Organisations","Njala Campus",Undergraduate,"SCHOOL OF AGRICULTURE AND FOOD SCIENCES","Crop Science","Bachelor Of Science With Honours In Nutrition And Dietetics","Year III",2,1,3,,0,0,
"BIT 329","Managerial Accounting ","Njala Campus",Undergraduate,"SCHOOL OF AGRICULTURE AND FOOD SCIENCES","Crop Science","Bachelor Of Science With Honours In Soil Science(","Year III",2,1,3,,0,0,
"BIT 4113","Computer system audit and Internal Control","Njala Campus",Undergraduate,"SCHOOL OF AGRICULTURE AND FOOD SCIENCES","Crop Science","Bachelor Of Science With Honours In Soil Science(","Year IV",1,1,3,,0,0,
"BIT 4114","Accounting Information Systems and Application Software","Njala Campus",Undergraduate,"SCHOOL OF AGRICULTURE AND FOOD SCIENCES","Crop Science","Bachelor Of Science With Honours In Soil Science(","Year IV",1,1,3,,0,0,
"BIT 4115","Operations Research","Njala Campus",Undergraduate,"SCHOOL OF AGRICULTURE AND FOOD SCIENCES","Crop Science","Bachelor Of Science With Honours In Soil Science(","Year IV",1,1,3,,0,0,
"BIT 4116","Organizational Behaviour","Njala Campus",Undergraduate,"SCHOOL OF AGRICULTURE AND FOOD SCIENCES","Crop Science","Bachelor Of Science With Honours In Soil Science(","Year IV",1,1,3,,0,0,
"BMAT 111","Business Mathematics I","Njala Campus",Undergraduate,"SCHOOL OF AGRICULTURE AND FOOD SCIENCES","Crop Science","Bachelor Of Science With Honours In Soil Science(","Year I",1,1,3,,0,0,
"BMAT 122","Business Mathematics II","Njala Campus",Undergraduate,"SCHOOL OF AGRICULTURE AND FOOD SCIENCES","Crop Science","Bachelor Of Science With Honours In Soil Science(","Year I",2,1,3,,0,0,
"CHEM  111","General Chemistry 1","Njala Campus",Undergraduate,"SCHOOL OF AGRICULTURE AND FOOD SCIENCES","Agriculture General","Bachelor Of Science With Honours In Agricultural Extension And Rural","Year I",1,1,3,,0,0,
"CHEM  121","General Chemistry 2","Njala Campus",Undergraduate,"SCHOOL OF AGRICULTURE AND FOOD SCIENCES","Agriculture General","Bachelor Of Science With Honours In Agricultural Extension And Rural","Year I",2,1,3,,0,0,
"CHEM 111","General Chemistry 1","Njala Campus",Undergraduate,"SCHOOL OF AGRICULTURE AND FOOD SCIENCES","Agriculture General","Bachelor Of Science With Honours In Agriculture General ","Year I",1,1,3,,0,0,
"CHEM 111","General Chemistry 1","Njala Campus",Undergraduate,"SCHOOL OF AGRICULTURE AND FOOD SCIENCES","Crop Protection ","Bachelor Of Science With Honours In Clothing And Textiles","Year I",1,1,3,,0,0,
"CHEM 111","General Chemistry 1","Njala Campus",Undergraduate,"SCHOOL OF NATURAL RESOURCES MANAGEMENT","Biological Sciences","Bachelor Of Science With Honours In Statistics","Year I",1,1,3,,0,0,
"CHEM 111","General Chemistry 1","Njala Campus",Undergraduate,"SCHOOL OF NATURAL RESOURCES MANAGEMENT","Biological Sciences","Bachelor Of Science With Honours In Mathematics With Computer Science","Year I",1,1,3,,0,0,
"CHEM 111","General Chemistry 1","Njala Campus",Undergraduate,"SCHOOL OF TECHNOLOGY",Chemistry,"Bachelor Of Science In Education (Mathematics)","Year I",1,1,3,,0,0,
"CHEM 121","General Chemistry 2","Njala Campus",Undergraduate,"SCHOOL OF AGRICULTURE AND FOOD SCIENCES","Agriculture General","Bachelor Of Science With Honours In Agriculture General ","Year I",2,1,3,,0,0,
"CHEM 121","General Chemistry 2","Njala Campus",Undergraduate,"SCHOOL OF AGRICULTURE AND FOOD SCIENCES","Crop Protection ","Bachelor Of Science With Honours In Clothing And Textiles","Year I",2,1,3,,0,0,
"CHEM 123 ","General Chemistry 2","Njala Campus",Undergraduate,"SCHOOL OF NATURAL RESOURCES MANAGEMENT","Biological Sciences","Bachelor Of Science With Honours In Statistics","Year I",2,1,3,,0,0,
"CHEM 123 ","General Chemistry 2","Njala Campus",Undergraduate,"SCHOOL OF NATURAL RESOURCES MANAGEMENT","Biological Sciences","Bachelor Of Science With Honours In Mathematics With Computer Science","Year I",2,1,3,,0,0,
"CHEM 210","Basic Organic Chemistry I","Njala Campus",Undergraduate,"SCHOOL OF NATURAL RESOURCES MANAGEMENT","Biological Sciences","Bachelor Of Science With Honours In Statistics","Year II",1,1,3,,0,0,
"CHEM 2110","Basic Organic Chemistry I","Njala Campus",Undergraduate,"SCHOOL OF NATURAL RESOURCES MANAGEMENT","Biological Sciences","Bachelor Of Science With Honours In Mathematics With Computer Science","Year II",1,1,3,,0,0,
"CHEM 2213","Organic Chemistry 2","Njala Campus",Undergraduate,"SCHOOL OF NATURAL RESOURCES MANAGEMENT","Biological Sciences","Bachelor Of Science With Honours In Statistics","Year II",2,1,3,,0,0,
"CHEM 2213","Organic Chemistry 2","Njala Campus",Undergraduate,"SCHOOL OF NATURAL RESOURCES MANAGEMENT","Biological Sciences","Bachelor Of Science With Honours In Mathematics With Computer Science","Year II",2,1,3,,0,0,
"CHEM 31X","Agric/Food chemistry","Njala Campus",Undergraduate,"SCHOOL OF AGRICULTURE AND FOOD SCIENCES","Agriculture General","Bachelor Of Science With Honours In Agriculture General ","Year III",1,1,3,,0,0,
"CHEM 31X","Agric/Food chemistry","Njala Campus",Undergraduate,"SCHOOL OF AGRICULTURE AND FOOD SCIENCES","Agriculture General","Bachelor Of Science With Honours In Agricultural Extension And Rural","Year III",1,1,3,,0,0,
"COMP 111","Intro. to Computer Programming ","Njala Campus",Undergraduate,"SCHOOL OF AGRICULTURE AND FOOD SCIENCES","Crop Science","Bachelor Of Science With Honours In Soil Science(","Year I",1,1,3,,0,0,
"COMP 111","Intro. to Computer Programming ","Njala Campus",Undergraduate,"SCHOOL OF AGRICULTURE AND FOOD SCIENCES","Crop Science","Bachelor Of Science With Honours In Home Economics And Community Developmen","Year I",1,1,1,,0,0,
"COMP 111","Intro. to Computer Programming ","Njala Campus",Undergraduate,"SCHOOL OF AGRICULTURE AND FOOD SCIENCES","Crop Science","Bachelor Of Science With Honours In Nutrition And Dietetics","Year I",1,1,3,,0,0,
"COMP 122","Programming with Visual Basic","Njala Campus",Undergraduate,"SCHOOL OF AGRICULTURE AND FOOD SCIENCES","Crop Science","Bachelor Of Science With Honours In Soil Science(","Year I",2,1,3,,0,0,
"COMP 122","Programming with Visual Basic","Njala Campus",Undergraduate,"SCHOOL OF AGRICULTURE AND FOOD SCIENCES","Crop Science","Bachelor Of Science With Honours In Home Economics And Community Developmen","Year I",2,1,1,,0,0,
"COMP 122","Programming with Visual Basic","Njala Campus",Undergraduate,"SCHOOL OF AGRICULTURE AND FOOD SCIENCES","Crop Science","Bachelor Of Science With Honours In Nutrition And Dietetics","Year I",2,1,3,,0,0,
"COMP 213","Data Structure and Algorithm","Njala Campus",Undergraduate,"SCHOOL OF AGRICULTURE AND FOOD SCIENCES","Crop Science","Bachelor Of Science With Honours In Soil Science(","Year II",1,1,3,,0,0,
"COMP 213","Data Structure and Algorithm","Njala Campus",Undergraduate,"SCHOOL OF AGRICULTURE AND FOOD SCIENCES","Crop Science","Bachelor Of Science With Honours In Home Economics And Community Developmen","Year II",1,1,1,,0,0,
"COMP 213","Data Structure and Algorithm","Njala Campus",Undergraduate,"SCHOOL OF AGRICULTURE AND FOOD SCIENCES","Crop Science","Bachelor Of Science With Honours In Nutrition And Dietetics","Year II",1,1,3,,0,0,
"COMP 214","Computer Operating System ","Njala Campus",Undergraduate,"SCHOOL OF AGRICULTURE AND FOOD SCIENCES","Crop Science","Bachelor Of Science With Honours In Soil Science(","Year II",1,1,3,,0,0,
"COMP 214","Computer Operating System ","Njala Campus",Undergraduate,"SCHOOL OF AGRICULTURE AND FOOD SCIENCES","Crop Science","Bachelor Of Science With Honours In Home Economics And Community Developmen","Year II",1,1,1,,0,0,
"COMP 214","Computer Operating System ","Njala Campus",Undergraduate,"SCHOOL OF AGRICULTURE AND FOOD SCIENCES","Crop Science","Bachelor Of Science With Honours In Nutrition And Dietetics","Year II",1,1,3,,0,0,
"COMP 215","Programming with Java","Njala Campus",Undergraduate,"SCHOOL OF AGRICULTURE AND FOOD SCIENCES","Crop Science","Bachelor Of Science With Honours In Soil Science(","Year II",1,1,3,,0,0,
"COMP 215","Programming with Java","Njala Campus",Undergraduate,"SCHOOL OF AGRICULTURE AND FOOD SCIENCES","Crop Science","Bachelor Of Science With Honours In Home Economics And Community Developmen","Year II",1,1,1,,0,0,
"COMP 215","Programming with Java","Njala Campus",Undergraduate,"SCHOOL OF AGRICULTURE AND FOOD SCIENCES","Crop Science","Bachelor Of Science With Honours In Nutrition And Dietetics","Year II",1,1,3,,0,0,
"COMP 216","Introduction to Database Management using Access","Njala Campus",Undergraduate,"SCHOOL OF AGRICULTURE AND FOOD SCIENCES","Crop Science","Bachelor Of Science With Honours In Soil Science(","Year II",1,1,3,,0,0,
"COMP 216","Introduction to Database Management using Access","Njala Campus",Undergraduate,"SCHOOL OF AGRICULTURE AND FOOD SCIENCES","Crop Science","Bachelor Of Science With Honours In Home Economics And Community Developmen","Year II",1,1,1,,0,0,
"COMP 2210"," Introduction to Web Development ","Njala Campus",Undergraduate,"SCHOOL OF AGRICULTURE AND FOOD SCIENCES","Crop Science","Bachelor Of Science With Honours In Soil Science(","Year II",2,1,3,,0,0,
"COMP 2210"," Introduction to Web Development ","Njala Campus",Undergraduate,"SCHOOL OF AGRICULTURE AND FOOD SCIENCES","Crop Science","Bachelor Of Science With Honours In Home Economics And Community Developmen","Year II",2,1,1,,0,0,
"COMP 2211","Programming with C++","Njala Campus",Undergraduate,"SCHOOL OF AGRICULTURE AND FOOD SCIENCES","Crop Science","Bachelor Of Science With Honours In Soil Science(","Year II",2,1,3,,0,0,
"COMP 2211","Programming with C++","Njala Campus",Undergraduate,"SCHOOL OF AGRICULTURE AND FOOD SCIENCES","Crop Science","Bachelor Of Science With Honours In Home Economics And Community Developmen","Year II",2,1,1,,0,0,
"COMP 2211","Programming with C++","Njala Campus",Undergraduate,"SCHOOL OF AGRICULTURE AND FOOD SCIENCES","Crop Science","Bachelor Of Science With Honours In Nutrition And Dietetics","Year II",2,1,3,,0,0,
"COMP 2212","Database Management using SQL","Njala Campus",Undergraduate,"SCHOOL OF AGRICULTURE AND FOOD SCIENCES","Crop Science","Bachelor Of Science With Honours In Home Economics And Community Developmen","Year II",2,1,1,,0,0,
"COMP 227","Human ? Computer Interaction","Njala Campus",Undergraduate,"SCHOOL OF AGRICULTURE AND FOOD SCIENCES","Crop Science","Bachelor Of Science With Honours In Home Economics And Community Developmen","Year II",2,1,1,,0,0,
"COMP 228","System Analysis and Design","Njala Campus",Undergraduate,"SCHOOL OF AGRICULTURE AND FOOD SCIENCES","Crop Science","Bachelor Of Science With Honours In Home Economics And Community Developmen","Year II",2,1,1,,0,0,
"COMP 229","Data communications and Networking I","Njala Campus",Undergraduate,"SCHOOL OF AGRICULTURE AND FOOD SCIENCES","Crop Science","Bachelor Of Science With Honours In Soil Science(","Year II",2,1,3,,0,0,
"COMP 229","Data communications and Networking I","Njala Campus",Undergraduate,"SCHOOL OF AGRICULTURE AND FOOD SCIENCES","Crop Science","Bachelor Of Science With Honours In Home Economics And Community Developmen","Year II",2,1,1,,0,0,
"COMP 229","Data communications and Networking I","Njala Campus",Undergraduate,"SCHOOL OF AGRICULTURE AND FOOD SCIENCES","Crop Science","Bachelor Of Science With Honours In Nutrition And Dietetics","Year II",2,1,3,,0,0,
"COMP 3113","Artificial Intelligence","Njala Campus",Undergraduate,"SCHOOL OF AGRICULTURE AND FOOD SCIENCES","Crop Science","Bachelor Of Science With Honours In Home Economics And Community Developmen","Year III",1,1,1,,0,0,
"COMP 3114","Computer Architecture and Organisation","Njala Campus",Undergraduate,"SCHOOL OF AGRICULTURE AND FOOD SCIENCES","Crop Science","Bachelor Of Science With Honours In Soil Science(","Year III",1,1,3,,0,0,
"COMP 3114","Computer Architecture and Organisation","Njala Campus",Undergraduate,"SCHOOL OF AGRICULTURE AND FOOD SCIENCES","Crop Science","Bachelor Of Science With Honours In Home Economics And Community Developmen","Year III",1,1,1,,0,0,
"COMP 3114","Computer Architecture and Organisation","Njala Campus",Undergraduate,"SCHOOL OF AGRICULTURE AND FOOD SCIENCES","Crop Science","Bachelor Of Science With Honours In Nutrition And Dietetics","Year III",1,1,3,,0,0,
"COMP 3115","Object - Oriented Programming with Java","Njala Campus",Undergraduate,"SCHOOL OF AGRICULTURE AND FOOD SCIENCES","Crop Science","Bachelor Of Science With Honours In Soil Science(","Year III",1,1,3,,0,0,
"COMP 3115","Object - Oriented Programming with Java","Njala Campus",Undergraduate,"SCHOOL OF AGRICULTURE AND FOOD SCIENCES","Crop Science","Bachelor Of Science With Honours In Home Economics And Community Developmen","Year III",1,1,1,,0,0,
"COMP 3116","Software Engineering","Njala Campus",Undergraduate,"SCHOOL OF AGRICULTURE AND FOOD SCIENCES","Crop Science","Bachelor Of Science With Honours In Home Economics And Community Developmen","Year III",1,1,1,,0,0,
"COMP 3117","Numerical Techniques","Njala Campus",Undergraduate,"SCHOOL OF AGRICULTURE AND FOOD SCIENCES","Crop Science","Bachelor Of Science With Honours In Soil Science(","Year III",1,1,3,,0,0,
"COMP 3117","Numerical Techniques","Njala Campus",Undergraduate,"SCHOOL OF AGRICULTURE AND FOOD SCIENCES","Crop Science","Bachelor Of Science With Honours In Home Economics And Community Developmen","Year III",1,1,1,,0,0,
"COMP 3117","Numerical Techniques","Njala Campus",Undergraduate,"SCHOOL OF AGRICULTURE AND FOOD SCIENCES","Crop Science","Bachelor Of Science With Honours In Nutrition And Dietetics","Year III",1,1,3,,0,0,
"COMP 3218","Research Methods","Njala Campus",Undergraduate,"SCHOOL OF AGRICULTURE AND FOOD SCIENCES","Crop Science","Bachelor Of Science With Honours In Soil Science(","Year III",2,1,3,,0,0,
"COMP 3218","Research Methods","Njala Campus",Undergraduate,"SCHOOL OF AGRICULTURE AND FOOD SCIENCES","Crop Science","Bachelor Of Science With Honours In Home Economics And Community Developmen","Year III",2,1,1,,0,0,
"COMP 3218","Research Methods","Njala Campus",Undergraduate,"SCHOOL OF AGRICULTURE AND FOOD SCIENCES","Crop Science","Bachelor Of Science With Honours In Nutrition And Dietetics","Year III",2,1,3,,0,0,
"COMP 3219","Object - Oriented Programming using C++","Njala Campus",Undergraduate,"SCHOOL OF AGRICULTURE AND FOOD SCIENCES","Crop Science","Bachelor Of Science With Honours In Home Economics And Community Developmen","Year III",2,1,1,,0,0,
"COMP 3220","Introduction to Scientific Programming  ","Njala Campus",Undergraduate,"SCHOOL OF AGRICULTURE AND FOOD SCIENCES","Crop Science","Bachelor Of Science With Honours In Home Economics And Community Developmen","Year III",2,1,1,,0,0,
"COMP 3220","Introduction to Scientific Programming  ","Njala Campus",Undergraduate,"SCHOOL OF AGRICULTURE AND FOOD SCIENCES","Crop Science","Bachelor Of Science With Honours In Nutrition And Dietetics","Year III",2,1,3,,0,0,
"COMP 3221","Advanced Database Management ","Njala Campus",Undergraduate,"SCHOOL OF AGRICULTURE AND FOOD SCIENCES","Crop Science","Bachelor Of Science With Honours In Soil Science(","Year III",2,1,3,,0,0,
"COMP 3221","Advanced Database Management ","Njala Campus",Undergraduate,"SCHOOL OF AGRICULTURE AND FOOD SCIENCES","Crop Science","Bachelor Of Science With Honours In Home Economics And Community Developmen","Year III",2,1,1,,0,0,
"COMP 3222","Data Mining and Warehousing","Njala Campus",Undergraduate,"SCHOOL OF AGRICULTURE AND FOOD SCIENCES","Crop Science","Bachelor Of Science With Honours In Home Economics And Community Developmen","Year III",2,1,1,,0,0,
"COMP 3223","Intro. to Geographical Information Systems ","Njala Campus",Undergraduate,"SCHOOL OF AGRICULTURE AND FOOD SCIENCES","Crop Science","Bachelor Of Science With Honours In Home Economics And Community Developmen","Year III",2,1,1,,0,0,
"COMP 3223","Intro. to Geographical Information Systems ","Njala Campus",Undergraduate,"SCHOOL OF AGRICULTURE AND FOOD SCIENCES","Crop Science","Bachelor Of Science With Honours In Nutrition And Dietetics","Year III",2,1,3,,0,0,
"COMP 3224","Web and Internet Technologies ","Njala Campus",Undergraduate,"SCHOOL OF AGRICULTURE AND FOOD SCIENCES","Crop Science","Bachelor Of Science With Honours In Soil Science(","Year III",2,1,3,,0,0,
"COMP 3224","Web and Internet Technologies ","Njala Campus",Undergraduate,"SCHOOL OF AGRICULTURE AND FOOD SCIENCES","Crop Science","Bachelor Of Science With Honours In Home Economics And Community Developmen","Year III",2,1,1,,0,0,
"COMP 3225","Data communications & Networking II","Njala Campus",Undergraduate,"SCHOOL OF AGRICULTURE AND FOOD SCIENCES","Crop Science","Bachelor Of Science With Honours In Soil Science(","Year III",2,1,3,,0,0,
"COMP 3225","Data communications & Networking II","Njala Campus",Undergraduate,"SCHOOL OF AGRICULTURE AND FOOD SCIENCES","Crop Science","Bachelor Of Science With Honours In Home Economics And Community Developmen","Year III",2,1,1,,0,0,
"COMP 3225","Data communications & Networking II","Njala Campus",Undergraduate,"SCHOOL OF AGRICULTURE AND FOOD SCIENCES","Crop Science","Bachelor Of Science With Honours In Nutrition And Dietetics","Year III",2,1,3,,0,0,
"COMP 4126","Distributed and Concurrent Systems","Njala Campus",Undergraduate,"SCHOOL OF AGRICULTURE AND FOOD SCIENCES","Crop Science","Bachelor Of Science With Honours In Home Economics And Community Developmen","Year IV",1,1,1,,0,0,
"COMP 4127","Advanced Computer Application Packages ","Njala Campus",Undergraduate,"SCHOOL OF AGRICULTURE AND FOOD SCIENCES","Crop Science","Bachelor Of Science With Honours In Soil Science(","Year IV",1,1,3,,0,0,
"COMP 4127","Advanced Computer Application Packages ","Njala Campus",Undergraduate,"SCHOOL OF AGRICULTURE AND FOOD SCIENCES","Crop Science","Bachelor Of Science With Honours In Home Economics And Community Developmen","Year IV",1,1,1,,0,0,
"COMP 4128","Multimedia Design and Development","Njala Campus",Undergraduate,"SCHOOL OF AGRICULTURE AND FOOD SCIENCES","Crop Science","Bachelor Of Science With Honours In Home Economics And Community Developmen","Year IV",1,1,1,,0,0,
"COMP 4129","Ethical and Legal Issues in IT","Njala Campus",Undergraduate,"SCHOOL OF AGRICULTURE AND FOOD SCIENCES","Crop Science","Bachelor Of Science With Honours In Soil Science(","Year IV",1,1,3,,0,0,
"COMP 4129","Ethical and Legal Issues in IT","Njala Campus",Undergraduate,"SCHOOL OF AGRICULTURE AND FOOD SCIENCES","Crop Science","Bachelor Of Science With Honours In Home Economics And Community Developmen","Year IV",1,1,1,,0,0,
"COMP 4130","Project Design and Management","Njala Campus",Undergraduate,"SCHOOL OF AGRICULTURE AND FOOD SCIENCES","Crop Science","Bachelor Of Science With Honours In Soil Science(","Year IV",1,1,3,,0,0,
"COMP 4130","Project Design and Management","Njala Campus",Undergraduate,"SCHOOL OF AGRICULTURE AND FOOD SCIENCES","Crop Science","Bachelor Of Science With Honours In Home Economics And Community Developmen","Year IV",1,1,1,,0,0,
"COMP 4130","Project Design and Management","Njala Campus",Undergraduate,"SCHOOL OF AGRICULTURE AND FOOD SCIENCES","Crop Science","Bachelor Of Science With Honours In Nutrition And Dietetics","Year IV",1,1,3,,0,0,
"COMP 4131","MS Server Administration ","Njala Campus",Undergraduate,"SCHOOL OF AGRICULTURE AND FOOD SCIENCES","Crop Science","Bachelor Of Science With Honours In Home Economics And Community Developmen","Year IV",1,1,1,,0,0,
"COMP 4132","Computer Graphics","Njala Campus",Undergraduate,"SCHOOL OF AGRICULTURE AND FOOD SCIENCES","Crop Science","Bachelor Of Science With Honours In Home Economics And Community Developmen","Year IV",1,1,1,,0,0,
"COMP 4133","Computer and Network Security","Njala Campus",Undergraduate,"SCHOOL OF AGRICULTURE AND FOOD SCIENCES","Crop Science","Bachelor Of Science With Honours In Home Economics And Community Developmen","Year IV",1,1,1,,0,0,
"COMPS 4131","MS Server Administration ","Njala Campus",Undergraduate,"SCHOOL OF AGRICULTURE AND FOOD SCIENCES","Crop Science","Bachelor Of Science With Honours In Soil Science(","Year IV",1,1,3,,0,0,
"COMPS 4131","MS Server Administration ","Njala Campus",Undergraduate,"SCHOOL OF AGRICULTURE AND FOOD SCIENCES","Crop Science","Bachelor Of Science With Honours In Nutrition And Dietetics","Year IV",1,1,3,,0,0,
"COMPS 4133","Computer and Network Security","Njala Campus",Undergraduate,"SCHOOL OF AGRICULTURE AND FOOD SCIENCES","Crop Science","Bachelor Of Science With Honours In Soil Science(","Year IV",1,1,3,,0,0,
"COMPS 4133","Computer and Network Security","Njala Campus",Undergraduate,"SCHOOL OF AGRICULTURE AND FOOD SCIENCES","Crop Science","Bachelor Of Science With Honours In Nutrition And Dietetics","Year IV",1,1,3,,0,0,
"COP ","Storage Pests, Micro-organism and their Control","Njala Campus",Postgraduate,"SCHOOL OF ENVIRONMENTAL SCIENCES","Animal Science ","Bachelor Of Science With Honours In Crop Science","Year I",1,1,2,,0,0,
"COP 32X","Plant pathology","Njala Campus",Undergraduate,"SCHOOL OF AGRICULTURE AND FOOD SCIENCES","Agriculture General","Bachelor Of Science With Honours In Agricultural Extension And Rural","Year III",2,1,3,,0,0,
"COP 614","Storage Pests, Micro-organism and their Control","Njala Campus",Postgraduate,"SCHOOL OF ENVIRONMENTAL SCIENCES","Animal Science ","Bachelor Of Science In Animal Health And Production","Year I",1,1,3,,0,0,
"COS ","Post Harvest Physiology of Stored Crops","Njala Campus",Postgraduate,"SCHOOL OF ENVIRONMENTAL SCIENCES","Animal Science ","Bachelor Of Science With Honours In Crop Science","Year I",1,1,3,,0,0,
"COS 221","Principles of Crop Production","Njala Campus",Undergraduate,"SCHOOL OF AGRICULTURE AND FOOD SCIENCES","Agriculture General","Bachelor Of Science With Honours In Agriculture General ","Year II",2,1,3,,0,0,
"COS 22X","Principles of Crop Production","Njala Campus",Undergraduate,"SCHOOL OF AGRICULTURE AND FOOD SCIENCES","Agriculture General","Bachelor Of Science With Honours In Agricultural Extension And Rural","Year II",2,1,3,,0,0,
"COS 31X","Plant physiology","Njala Campus",Undergraduate,"SCHOOL OF AGRICULTURE AND FOOD SCIENCES","Agriculture General","Bachelor Of Science With Honours In Agriculture General ","Year III",1,1,3,,0,0,
"COS 31X","Plant physiology","Njala Campus",Undergraduate,"SCHOOL OF AGRICULTURE AND FOOD SCIENCES","Agriculture General","Bachelor Of Science With Honours In Agricultural Extension And Rural","Year III",1,1,3,,0,0,
"COS 32X","Postharvest physiology & biotechnology","Njala Campus",Undergraduate,"SCHOOL OF AGRICULTURE AND FOOD SCIENCES","Agriculture General","Bachelor Of Science With Honours In Agricultural Extension And Rural","Year III",2,1,3,,0,0,
"COS 616","Post Harvest Physiology of Stored Crops","Njala Campus",Postgraduate,"SCHOOL OF ENVIRONMENTAL SCIENCES","Animal Science ","Bachelor Of Science In Animal Health And Production","Year I",1,1,3,,0,0,
COS*,"Principles of crop production","Njala Campus",Postgraduate,"SCHOOL OF ENVIRONMENTAL SCIENCES","Animal Science ","Bachelor Of Science With Honours In Crop Protection ","Year I",1,1,3,,0,0,
"DAE  122","Introduction to Soil Physics","Njala Campus","Higher Diploma","SCHOOL OF BASIC SCIENCES","Agricultural Extension And Rural Sociology ","Bachelor Of Science With Honours In Animal Science","Year I",2,0,3,,0,0,
"DAE 111","Land Surveying I","Njala Campus","Higher Diploma","SCHOOL OF BASIC SCIENCES","Agricultural Extension And Rural Sociology ","Bachelor Of Science With Honours In Animal Science","Year I",1,0,3,,0,0,
"DAE 121","Farm Power I","Njala Campus","Higher Diploma","SCHOOL OF BASIC SCIENCES","Agricultural Extension And Rural Sociology ","Bachelor Of Science With Honours In Animal Science","Year I",2,1,3,,0,0,
"DAE 123","Land Surveying II","Njala Campus","Higher Diploma","SCHOOL OF BASIC SCIENCES","Agricultural Extension And Rural Sociology ","Bachelor Of Science With Honours In Animal Science","Year I",2,0,3,,0,0,
"DAE 124","Principles of Hydrology","Njala Campus","Higher Diploma","SCHOOL OF BASIC SCIENCES","Agricultural Extension And Rural Sociology ","Bachelor Of Science With Honours In Animal Science","Year I",2,0,3,,0,0,
"DAE 125","Soil Survey and Mapping","Njala Campus","Higher Diploma","SCHOOL OF BASIC SCIENCES","Agricultural Extension And Rural Sociology ","Bachelor Of Science With Honours In Animal Science","Year I",2,0,3,,0,0,
"DAE 211","Farm Mechanics I","Njala Campus","Higher Diploma","SCHOOL OF BASIC SCIENCES","Agricultural Extension And Rural Sociology ","Bachelor Of Science With Honours In Agricultural Communication & Media ","Year II",1,0,3,,0,0,
"DAE 212","Farm Power II","Njala Campus","Higher Diploma","SCHOOL OF BASIC SCIENCES","Agricultural Extension And Rural Sociology ","Bachelor Of Science With Honours In Agricultural Communication & Media ","Year II",1,0,3,,0,0,
"DAE 213","Agricultural Surveying","Njala Campus","Higher Diploma","SCHOOL OF BASIC SCIENCES","Agricultural Extension And Rural Sociology ","Bachelor Of Science With Honours In Agricultural Communication & Media ","Year II",1,0,3,,0,0,
"DAE 214","Farm Machinery I","Njala Campus","Higher Diploma","SCHOOL OF BASIC SCIENCES","Agricultural Extension And Rural Sociology ","Bachelor Of Science With Honours In Agricultural Communication & Media ","Year II",1,0,3,,0,0,
"DAE 215","Principles of Land Evaluation I","Njala Campus","Higher Diploma","SCHOOL OF BASIC SCIENCES","Agricultural Extension And Rural Sociology ","Bachelor Of Science With Honours In Animal Science","Year II",1,0,3,,0,0,
"DAE 216","Engineering Properties of Soils","Njala Campus","Higher Diploma","SCHOOL OF BASIC SCIENCES","Agricultural Extension And Rural Sociology ","Bachelor Of Science With Honours In Animal Science","Year II",1,0,3,,0,0,
"DAE 217","Hydraulics I (Open Channels)","Njala Campus","Higher Diploma","SCHOOL OF BASIC SCIENCES","Agricultural Extension And Rural Sociology ","Bachelor Of Science With Honours In Animal Science","Year II",1,0,3,,0,0,
"DAE 218","Land Development I (Upland)","Njala Campus","Higher Diploma","SCHOOL OF BASIC SCIENCES","Agricultural Extension And Rural Sociology ","Bachelor Of Science With Honours In Animal Science","Year II",1,0,3,,0,0,
"DAE 221","Farm Mechanics Ii","Njala Campus","Higher Diploma","SCHOOL OF BASIC SCIENCES","Agricultural Extension And Rural Sociology ","Bachelor Of Science With Honours In Agricultural Communication & Media ","Year II",2,0,3,,0,0,
"DAE 222","Crop Processing and Storage","Njala Campus","Higher Diploma","SCHOOL OF BASIC SCIENCES","Agricultural Extension And Rural Sociology ","Bachelor Of Science With Honours In Agricultural Communication & Media ","Year II",2,0,3,,0,0,
"DAE 224","Farm Machinery II","Njala Campus","Higher Diploma","SCHOOL OF BASIC SCIENCES","Agricultural Extension And Rural Sociology ","Bachelor Of Science With Honours In Agricultural Communication & Media ","Year II",2,0,3,,0,0,
"DAE 225","Agricultural Land Drainage","Njala Campus","Higher Diploma","SCHOOL OF BASIC SCIENCES","Agricultural Extension And Rural Sociology ","Bachelor Of Science With Honours In Agricultural Communication & Media ","Year II",2,0,3,,0,0,
"DAE 225","Agricultural Land Drainage","Njala Campus","Higher Diploma","SCHOOL OF BASIC SCIENCES","Agricultural Extension And Rural Sociology ","Bachelor Of Science With Honours In Animal Science","Year II",2,0,3,,0,0,
"DAE 226","Principles of Land Evaluation II","Njala Campus","Higher Diploma","SCHOOL OF BASIC SCIENCES","Agricultural Extension And Rural Sociology ","Bachelor Of Science With Honours In Animal Science","Year II",2,0,3,,0,0,
"DAE 227","Hydraulics II (Pumps and Closed Conduits)","Njala Campus","Higher Diploma","SCHOOL OF BASIC SCIENCES","Agricultural Extension And Rural Sociology ","Bachelor Of Science With Honours In Animal Science","Year II",2,0,3,,0,0,
"DAE 228","Irrigation Science and Water Management","Njala Campus","Higher Diploma","SCHOOL OF BASIC SCIENCES","Agricultural Extension And Rural Sociology ","Bachelor Of Science With Honours In Animal Science","Year II",2,0,3,,0,0,
"DAE 229","Field Engineering Practice I","Njala Campus","Higher Diploma","SCHOOL OF BASIC SCIENCES","Agricultural Extension And Rural Sociology ","Bachelor Of Science With Honours In Animal Science","Year II",2,0,3,,0,0,
"DAE 311","Farm Mechanics III","Njala Campus","Higher Diploma","SCHOOL OF BASIC SCIENCES","Agricultural Extension And Rural Sociology ","Bachelor Of Science With Honours In Agricultural Communication & Media ","Year III",1,1,3,,0,0,
"DAE 312","Principles of Farm Electrification ","Njala Campus","Higher Diploma","SCHOOL OF BASIC SCIENCES","Agricultural Extension And Rural Sociology ","Bachelor Of Science With Honours In Agricultural Communication & Media ","Year III",1,1,3,,0,0,
"DAE 313","Farm Structures","Njala Campus","Higher Diploma","SCHOOL OF BASIC SCIENCES","Agricultural Extension And Rural Sociology ","Bachelor Of Science With Honours In Agricultural Communication & Media ","Year III",1,1,3,,0,0,
"DAE 314","Farm Machinery III","Njala Campus","Higher Diploma","SCHOOL OF BASIC SCIENCES","Agricultural Extension And Rural Sociology ","Bachelor Of Science With Honours In Agricultural Communication & Media ","Year III",1,1,3,,0,0,
"DAE 315","Operation and Maintenance of Hydro-meteorological Equipment","Njala Campus","Higher Diploma","SCHOOL OF BASIC SCIENCES","Agricultural Extension And Rural Sociology ","Bachelor Of Science With Honours In Animal Science","Year III",1,0,3,,0,0,
"DAE 316","Community Water Supplies","Njala Campus","Higher Diploma","SCHOOL OF BASIC SCIENCES","Agricultural Extension And Rural Sociology ","Bachelor Of Science With Honours In Animal Science","Year III",1,0,3,,0,0,
"DAE 317","Land Development III(Mangrove Swamps)","Njala Campus","Higher Diploma","SCHOOL OF BASIC SCIENCES","Agricultural Extension And Rural Sociology ","Bachelor Of Science With Honours In Animal Science","Year III",1,0,3,,0,0,
"DAE 318","Field Engineering Practice II","Njala Campus","Higher Diploma","SCHOOL OF BASIC SCIENCES","Agricultural Extension And Rural Sociology ","Bachelor Of Science With Honours In Animal Science","Year III",1,0,3,,0,0,
"DAE 321","Farm Mechanics IV","Njala Campus","Higher Diploma","SCHOOL OF BASIC SCIENCES","Agricultural Extension And Rural Sociology ","Bachelor Of Science With Honours In Agricultural Communication & Media ","Year III",2,1,3,,0,0,
"DAE 3210","Field Engineering Practice II","Njala Campus","Higher Diploma","SCHOOL OF BASIC SCIENCES","Agricultural Extension And Rural Sociology ","Bachelor Of Science With Honours In Animal Science","Year III",2,0,3,,0,0,
"DAE 3211",Project,"Njala Campus","Higher Diploma","SCHOOL OF BASIC SCIENCES","Agricultural Extension And Rural Sociology ","Bachelor Of Science With Honours In Animal Science","Year III",2,0,3,,0,0,
"DAE 322","Farm Transportation","Njala Campus","Higher Diploma","SCHOOL OF BASIC SCIENCES","Agricultural Extension And Rural Sociology ","Bachelor Of Science With Honours In Agricultural Communication & Media ","Year III",2,1,3,,0,0,
"DAE 323","Handling Agricultural Materials","Njala Campus","Higher Diploma","SCHOOL OF BASIC SCIENCES","Agricultural Extension And Rural Sociology ","Bachelor Of Science With Honours In Agricultural Communication & Media ","Year III",2,1,3,,0,0,
"DAE 324","Environmental Management ","Njala Campus","Higher Diploma","SCHOOL OF BASIC SCIENCES","Agricultural Extension And Rural Sociology ","Bachelor Of Science With Honours In Agricultural Communication & Media ","Year III",2,1,3,,0,0,
"DAE 325","Farm Mechanisation Management","Njala Campus","Higher Diploma","SCHOOL OF BASIC SCIENCES","Agricultural Extension And Rural Sociology ","Bachelor Of Science With Honours In Agricultural Communication & Media ","Year III",2,1,3,,0,0,
"DAE 326","Problem Solving Project","Njala Campus","Higher Diploma","SCHOOL OF BASIC SCIENCES","Agricultural Extension And Rural Sociology ","Bachelor Of Science With Honours In Agricultural Communication & Media ","Year III",2,1,4,,0,0,
"DAE 327","Soil Conservation","Njala Campus","Higher Diploma","SCHOOL OF BASIC SCIENCES","Agricultural Extension And Rural Sociology ","Bachelor Of Science With Honours In Animal Science","Year III",2,0,3,,0,0,
"DAE 328","Small-holder Irrigation Development ","Njala Campus","Higher Diploma","SCHOOL OF BASIC SCIENCES","Agricultural Extension And Rural Sociology ","Bachelor Of Science With Honours In Animal Science","Year III",2,0,3,,0,0,
"DAE 329","Water Harvesting for Agriculture","Njala Campus","Higher Diploma","SCHOOL OF BASIC SCIENCES","Agricultural Extension And Rural Sociology ","Bachelor Of Science With Honours In Animal Science","Year III",2,0,3,,0,0,
"DAS 121","Basic Animal Science","Njala Campus","Higher Diploma","SCHOOL OF BASIC SCIENCES","Agricultural Extension And Rural Sociology ","Bachelor Of Science With Honours In Animal Science","Year I",2,1,3,,0,0,
DAS121,"Basic Animal Science","Njala Campus","Higher Diploma","SCHOOL OF BASIC SCIENCES","Agricultural Extension And Rural Sociology ","Bachelor Of Science With Honours In Animal Science","Year I",2,0,3,,0,0,
"DAX 221","Extension Communication","Njala Campus","Higher Diploma","SCHOOL OF BASIC SCIENCES","Agricultural Extension And Rural Sociology ","Bachelor Of Science With Honours In Agricultural Communication & Media ","Year II",2,0,3,,0,0,
"DAX 311","Farm Production and Management","Njala Campus","Higher Diploma","SCHOOL OF BASIC SCIENCES","Agricultural Extension And Rural Sociology ","Bachelor Of Science With Honours In Agricultural Communication & Media ","Year III",1,1,3,,0,0,
"DCOM 111","Communication Skills I","Njala Campus","Higher Diploma","SCHOOL OF BASIC SCIENCES","Agricultural Extension And Rural Sociology ","Bachelor Of Science With Honours In Animal Science","Year I",2,1,3,,0,0,
"DCOM 111","Communication Skills I","Njala Campus","Higher Diploma","SCHOOL OF BASIC SCIENCES","Agricultural Extension And Rural Sociology ","Bachelor Of Science With Honours In Animal Science","Year I",1,0,3,,0,0,
"DCOM 121","Communication  Skills II","Njala Campus","Higher Diploma","SCHOOL OF BASIC SCIENCES","Agricultural Extension And Rural Sociology ","Bachelor Of Science With Honours In Animal Science","Year I",2,1,3,,0,0,
"DCOM 121","Communication  Skills II","Njala Campus","Higher Diploma","SCHOOL OF BASIC SCIENCES","Agricultural Extension And Rural Sociology ","Bachelor Of Science With Honours In Animal Science","Year I",2,0,3,,0,0,
"DCS 111","Introduction to Crop Science","Njala Campus","Higher Diploma","SCHOOL OF BASIC SCIENCES","Agricultural Extension And Rural Sociology ","Bachelor Of Science With Honours In Animal Science","Year I",1,1,3,,0,0,
"DCS 111","Introduction to Crop Science","Njala Campus","Higher Diploma","SCHOOL OF BASIC SCIENCES","Agricultural Extension And Rural Sociology ","Bachelor Of Science With Honours In Animal Science","Year I",1,0,3,,0,0,
"DCS 211","Principles of Crop Production","Njala Campus","Higher Diploma","SCHOOL OF BASIC SCIENCES","Agricultural Extension And Rural Sociology ","Bachelor Of Science With Honours In Agricultural Communication & Media ","Year II",1,0,3,,0,0,
"DCS 211","Principles of Crop Production","Njala Campus","Higher Diploma","SCHOOL OF BASIC SCIENCES","Agricultural Extension And Rural Sociology ","Bachelor Of Science With Honours In Animal Science","Year II",1,0,3,,0,0,
"DEC 311","Farm Production and Management","Njala Campus","Higher Diploma","SCHOOL OF BASIC SCIENCES","Agricultural Extension And Rural Sociology ","Bachelor Of Science With Honours In Animal Science","Year III",1,0,3,,0,0,
"DED 311","Entrepreneurial skills Development","Njala Campus","Higher Diploma","SCHOOL OF BASIC SCIENCES","Agricultural Extension And Rural Sociology ","Bachelor Of Science With Honours In Animal Science","Year III",1,0,3,,0,0,
"DEN 111","Engineering Mathematics I","Njala Campus","Higher Diploma","SCHOOL OF BASIC SCIENCES","Agricultural Extension And Rural Sociology ","Bachelor Of Science With Honours In Animal Science","Year I",1,0,3,,0,0,
"DEN 112","Engineering Science I","Njala Campus","Higher Diploma","SCHOOL OF BASIC SCIENCES","Agricultural Extension And Rural Sociology ","Bachelor Of Science With Honours In Animal Science","Year I",1,1,3,,0,0,
"DEN 112","Engineering Science I","Njala Campus","Higher Diploma","SCHOOL OF BASIC SCIENCES","Agricultural Extension And Rural Sociology ","Bachelor Of Science With Honours In Animal Science","Year I",1,0,3,,0,0,
"DEN 113","Engineering Drawing I","Njala Campus","Higher Diploma","SCHOOL OF BASIC SCIENCES","Agricultural Extension And Rural Sociology ","Bachelor Of Science With Honours In Animal Science","Year I",1,1,3,,0,0,
"DEN 113","Engineering Drawing I","Njala Campus","Higher Diploma","SCHOOL OF BASIC SCIENCES","Agricultural Extension And Rural Sociology ","Bachelor Of Science With Honours In Animal Science","Year I",1,0,3,,0,0,
"DEN 114","Workshop Technology I","Njala Campus","Higher Diploma","SCHOOL OF BASIC SCIENCES","Agricultural Extension And Rural Sociology ","Bachelor Of Science With Honours In Animal Science","Year I",1,1,3,,0,0,
"DEN 115","Workshop Technology I","Njala Campus","Higher Diploma","SCHOOL OF BASIC SCIENCES","Agricultural Extension And Rural Sociology ","Bachelor Of Science With Honours In Animal Science","Year I",1,0,3,,0,0,
"DEN 122","Engineering Science II","Njala Campus","Higher Diploma","SCHOOL OF BASIC SCIENCES","Agricultural Extension And Rural Sociology ","Bachelor Of Science With Honours In Animal Science","Year I",2,1,3,,0,0,
"DEN 122","Engineering Science II","Njala Campus","Higher Diploma","SCHOOL OF BASIC SCIENCES","Agricultural Extension And Rural Sociology ","Bachelor Of Science With Honours In Animal Science","Year I",2,0,3,,0,0,
"DEN 123","Workshop Technology II","Njala Campus","Higher Diploma","SCHOOL OF BASIC SCIENCES","Agricultural Extension And Rural Sociology ","Bachelor Of Science With Honours In Animal Science","Year I",2,1,3,,0,0,
"DEN 124","Engineering Drawing II","Njala Campus","Higher Diploma","SCHOOL OF BASIC SCIENCES","Agricultural Extension And Rural Sociology ","Bachelor Of Science With Honours In Animal Science","Year I",2,1,3,,0,0,
"DEN 211","Basic Electrical Engineering I","Njala Campus","Higher Diploma","SCHOOL OF BASIC SCIENCES","Agricultural Extension And Rural Sociology ","Bachelor Of Science With Honours In Agricultural Communication & Media ","Year II",1,0,3,,0,0,
"DEN 211","Basic Electrical Engineering I","Njala Campus","Higher Diploma","SCHOOL OF BASIC SCIENCES","Agricultural Extension And Rural Sociology ","Bachelor Of Science With Honours In Animal Science","Year II",1,0,3,,0,0,
"DEN 212","Basic Engineering Mechanics I","Njala Campus","Higher Diploma","SCHOOL OF BASIC SCIENCES","Agricultural Extension And Rural Sociology ","Bachelor Of Science With Honours In Agricultural Communication & Media ","Year II",1,0,3,,0,0,
"DEN 212","Basic Engineering Mechanics I","Njala Campus","Higher Diploma","SCHOOL OF BASIC SCIENCES","Agricultural Extension And Rural Sociology ","Bachelor Of Science With Honours In Animal Science","Year II",1,0,3,,0,0,
"DEN 213","Workshop Technology III","Njala Campus","Higher Diploma","SCHOOL OF BASIC SCIENCES","Agricultural Extension And Rural Sociology ","Bachelor Of Science With Honours In Agricultural Communication & Media ","Year II",1,0,3,,0,0,
"DEN 221","Basic Electrical Engineering II","Njala Campus","Higher Diploma","SCHOOL OF BASIC SCIENCES","Agricultural Extension And Rural Sociology ","Bachelor Of Science With Honours In Agricultural Communication & Media ","Year II",2,0,3,,0,0,
"DEN 221","Basic Electrical Engineering II","Njala Campus","Higher Diploma","SCHOOL OF BASIC SCIENCES","Agricultural Extension And Rural Sociology ","Bachelor Of Science With Honours In Animal Science","Year II",2,0,3,,0,0,
"DEN 222","Workshop Technology IV","Njala Campus","Higher Diploma","SCHOOL OF BASIC SCIENCES","Agricultural Extension And Rural Sociology ","Bachelor Of Science With Honours In Agricultural Communication & Media ","Year II",2,0,3,,0,0,
"DEN 223","Basic Engineering Mechanic II","Njala Campus","Higher Diploma","SCHOOL OF BASIC SCIENCES","Agricultural Extension And Rural Sociology ","Bachelor Of Science With Honours In Agricultural Communication & Media ","Year II",2,0,3,,0,0,
"DEN 223","Basic Engineering Mechanic II","Njala Campus","Higher Diploma","SCHOOL OF BASIC SCIENCES","Agricultural Extension And Rural Sociology ","Bachelor Of Science With Honours In Animal Science","Year II",2,0,3,,0,0,
"DEN 312","Workshop Technology V","Njala Campus","Higher Diploma","SCHOOL OF BASIC SCIENCES","Agricultural Extension And Rural Sociology ","Bachelor Of Science With Honours In Agricultural Communication & Media ","Year III",1,1,3,,0,0,
"DEV 121","Introduction to Development Studies","Njala Campus",Undergraduate,"SCHOOL OF TECHNOLOGY",Chemistry,"Bachelor Of Science In Education (Mathematics)","Year I",2,1,3,,0,0,
"DEV 212","Micro-Economics of Development I","Njala Campus",Undergraduate,"SCHOOL OF TECHNOLOGY",Chemistry,"Bachelor Of Science In Education (Mathematics)","Year II",1,1,3,,0,0,
"DEV 213","Macro-Economics of Development","Njala Campus",Undergraduate,"SCHOOL OF TECHNOLOGY",Chemistry,"Bachelor Of Science In Education (Mathematics)","Year II",1,1,3,,0,0,
"DEV 214","Development Economics","Njala Campus",Undergraduate,"SCHOOL OF TECHNOLOGY",Chemistry,"Bachelor Of Science In Education (Mathematics)","Year II",1,1,3,,0,0,
"DEV 215","Introduction to population & development ","Njala Campus",Undergraduate,"SCHOOL OF TECHNOLOGY",Chemistry,"Bachelor Of Science In Education (Mathematics)","Year II",1,1,3,,0,0,
"DEV 216","Culture, Society and Development","Njala Campus",Undergraduate,"SCHOOL OF TECHNOLOGY",Chemistry,"Bachelor Of Science In Education (Mathematics)","Year II",1,1,3,,0,0,
"DEV 2210","Globalization and Development                                ","Njala Campus",Undergraduate,"SCHOOL OF TECHNOLOGY",Chemistry,"Bachelor Of Science In Education (Mathematics)","Year II",2,1,3,,0,0,
"DEV 227","Micro-Economics II       ","Njala Campus",Undergraduate,"SCHOOL OF TECHNOLOGY",Chemistry,"Bachelor Of Science In Education (Mathematics)","Year II",2,1,3,,0,0,
"DEV 228","Human Settlement Systems              ","Njala Campus",Undergraduate,"SCHOOL OF TECHNOLOGY",Chemistry,"Bachelor Of Science In Education (Mathematics)","Year II",2,1,3,,0,0,
"DEV 229","Social Change and Development                              ","Njala Campus",Undergraduate,"SCHOOL OF TECHNOLOGY",Chemistry,"Bachelor Of Science In Education (Mathematics)","Year II",2,1,3,,0,0,
"DEV 3111","Development Policy, Planning and Design                     ","Njala Campus",Undergraduate,"SCHOOL OF TECHNOLOGY",Chemistry,"Bachelor Of Science In Education (Mathematics)","Year III",1,1,3,,0,0,
"DEV 3112","Livelihoods and Food Security                                       ","Njala Campus",Undergraduate,"SCHOOL OF TECHNOLOGY",Chemistry,"Bachelor Of Science In Education (Mathematics)","Year III",1,1,3,,0,0,
"DEV 3113","Natural Resources for Development                                ","Njala Campus",Undergraduate,"SCHOOL OF TECHNOLOGY",Chemistry,"Bachelor Of Science In Education (Mathematics)","Year III",1,1,3,,0,0,
"DEV 3114","Governance and Development                                        ","Njala Campus",Undergraduate,"SCHOOL OF TECHNOLOGY",Chemistry,"Bachelor Of Science In Education (Mathematics)","Year III",1,1,3,,0,0,
"DEV 3115","Development Management Techniques          ","Njala Campus",Undergraduate,"SCHOOL OF TECHNOLOGY",Chemistry,"Bachelor Of Science In Education (Mathematics)","Year III",1,1,3,,0,0,
"DEV 31X","Sustainable development","Njala Campus",Undergraduate,"SCHOOL OF AGRICULTURE AND FOOD SCIENCES","Agriculture General","Bachelor Of Science With Honours In Agriculture General ","Year III",1,1,3,,0,0,
"DEV 31X","Sustainable development","Njala Campus",Undergraduate,"SCHOOL OF AGRICULTURE AND FOOD SCIENCES","Agriculture General","Bachelor Of Science With Honours In Agricultural Extension And Rural","Year III",1,1,3,,0,0,
"DEV 3216","Introduction to Development Practice                                     ","Njala Campus",Undergraduate,"SCHOOL OF TECHNOLOGY",Chemistry,"Bachelor Of Science In Education (Mathematics)","Year III",2,1,3,,0,0,
"DEV 3217","Migration and Urbanization","Njala Campus",Undergraduate,"SCHOOL OF TECHNOLOGY",Chemistry,"Bachelor Of Science In Education (Mathematics)","Year III",2,1,3,,0,0,
"DEV 3218","Development Project Design, Implementation, Monitoring and Evaluation   ","Njala Campus",Undergraduate,"SCHOOL OF TECHNOLOGY",Chemistry,"Bachelor Of Science In Education (Mathematics)","Year III",2,1,3,,0,0,
"DEV 3219","Development Control                                                              ","Njala Campus",Undergraduate,"SCHOOL OF TECHNOLOGY",Chemistry,"Bachelor Of Science In Education (Mathematics)","Year III",2,1,3,,0,0,
"DEV 3220","Project Risk Management                                                        ","Njala Campus",Undergraduate,"SCHOOL OF TECHNOLOGY",Chemistry,"Bachelor Of Science In Education (Mathematics)","Year III",2,1,3,,0,0,
"DEV 4121","Seminar in Development Thoughts and Theories  ","Njala Campus",Undergraduate,"SCHOOL OF TECHNOLOGY",Chemistry,"Bachelor Of Science In Education (Mathematics)","Year III",1,1,3,,0,0,
"DEV 4121","Seminar in Development Thoughts and Theories  ","Njala Campus",Undergraduate,"SCHOOL OF TECHNOLOGY",Chemistry,"Bachelor Of Science In Education (Mathematics)","Year IV",1,1,3,,0,0,
"DEV 4122","Seminar in Sustainable Development","Njala Campus",Undergraduate,"SCHOOL OF TECHNOLOGY",Chemistry,"Bachelor Of Science In Education (Mathematics)","Year III",1,1,3,,0,0,
"DEV 4122","Seminar in Sustainable Development","Njala Campus",Undergraduate,"SCHOOL OF TECHNOLOGY",Chemistry,"Bachelor Of Science In Education (Mathematics)","Year IV",1,1,3,,0,0,
"DEV 4123","Seminar in Gender and Development","Njala Campus",Undergraduate,"SCHOOL OF TECHNOLOGY",Chemistry,"Bachelor Of Science In Education (Mathematics)","Year III",1,1,3,,0,0,
"DEV 4123","Seminar in Gender and Development","Njala Campus",Undergraduate,"SCHOOL OF TECHNOLOGY",Chemistry,"Bachelor Of Science In Education (Mathematics)","Year IV",1,1,3,,0,0,
"DEV 4124","Seminar in Organization for Community Development           ","Njala Campus",Undergraduate,"SCHOOL OF TECHNOLOGY",Chemistry,"Bachelor Of Science In Education (Mathematics)","Year IV",1,1,3,,0,0,
"DEVS 32X","Sustainable development","Njala Campus",Undergraduate,"SCHOOL OF AGRICULTURE AND FOOD SCIENCES","Agriculture General","Bachelor Of Science With Honours In Agricultural Extension And Rural","Year III",2,1,3,,0,0,
"DEX 317","Managing Agricultural and Rural Development","Njala Campus","Higher Diploma","SCHOOL OF BASIC SCIENCES","Agricultural Extension And Rural Sociology ","Bachelor Of Science With Honours In Agricultural Communication & Media ","Year III",1,1,3,,0,0,
"DEX 317","Managing Agricultural and Rural Development","Njala Campus","Higher Diploma","SCHOOL OF BASIC SCIENCES","Agricultural Extension And Rural Sociology ","Bachelor Of Science With Honours In Animal Science","Year III",1,0,3,,0,0,
"DMATH 111","Elementary Mathematics I","Njala Campus","Higher Diploma","SCHOOL OF BASIC SCIENCES","Agricultural Extension And Rural Sociology ","Bachelor Of Science With Honours In Animal Science","Year I",1,1,3,,0,0,
"DMATH 121","Elementary Mathematics II","Njala Campus","Higher Diploma","SCHOOL OF BASIC SCIENCES","Agricultural Extension And Rural Sociology ","Bachelor Of Science With Honours In Animal Science","Year I",2,1,3,,0,0,
"DMATH 121","Elementary Mathematics II","Njala Campus","Higher Diploma","SCHOOL OF BASIC SCIENCES","Agricultural Extension And Rural Sociology ","Bachelor Of Science With Honours In Animal Science","Year I",2,0,3,,0,0,
"DSC 221","Soil Fertility Management","Njala Campus","Higher Diploma","SCHOOL OF BASIC SCIENCES","Agricultural Extension And Rural Sociology ","Bachelor Of Science With Honours In Animal Science","Year II",2,0,3,,0,0,
"DSS 111","Introduction to Soil Science","Njala Campus","Higher Diploma","SCHOOL OF BASIC SCIENCES","Agricultural Extension And Rural Sociology ","Bachelor Of Science With Honours In Animal Science","Year I",1,1,3,,0,0,
"DSS 111","Introduction to Soil Science","Njala Campus","Higher Diploma","SCHOOL OF BASIC SCIENCES","Agricultural Extension And Rural Sociology ","Bachelor Of Science With Honours In Animal Science","Year I",1,0,3,,0,0,
"DSS 211","Soil Fertility Management","Njala Campus","Higher Diploma","SCHOOL OF BASIC SCIENCES","Agricultural Extension And Rural Sociology ","Bachelor Of Science With Honours In Agricultural Communication & Media ","Year II",1,0,3,,0,0,
"ECONS 31X","Engineering economics","Njala Campus",Undergraduate,"SCHOOL OF AGRICULTURE AND FOOD SCIENCES","Agriculture General","Bachelor Of Science With Honours In Agriculture General ","Year III",1,1,3,,0,0,
"ECONS 31X","Engineering economics","Njala Campus",Undergraduate,"SCHOOL OF AGRICULTURE AND FOOD SCIENCES","Agriculture General","Bachelor Of Science With Honours In Agricultural Extension And Rural","Year III",1,1,3,,0,0,
"ECONS 32X","Engineering economics","Njala Campus",Undergraduate,"SCHOOL OF AGRICULTURE AND FOOD SCIENCES","Agriculture General","Bachelor Of Science With Honours In Agricultural Extension And Rural","Year III",2,1,3,,0,0,
"EDUC 211    ","Developmental Psychology","Njala Campus",Undergraduate,"SCHOOL OF NATURAL RESOURCES MANAGEMENT","Biological Sciences","Bachelor Of Science With Honours In Mathematics With Computer Science","Year II",1,1,3,,0,0,
"EDUC 212","Philosophy of Education","Njala Campus",Undergraduate,"SCHOOL OF NATURAL RESOURCES MANAGEMENT","Biological Sciences","Bachelor Of Science With Honours In Mathematics With Computer Science","Year II",1,1,3,,0,0,
"EDUC 223","Statistical measurement and evaluation","Njala Campus",Undergraduate,"SCHOOL OF NATURAL RESOURCES MANAGEMENT","Biological Sciences","Bachelor Of Science With Honours In Mathematics With Computer Science","Year II",2,1,3,,0,0,
"EDUC 224","Guidance and Counselling","Njala Campus",Undergraduate,"SCHOOL OF NATURAL RESOURCES MANAGEMENT","Biological Sciences","Bachelor Of Science With Honours In Mathematics With Computer Science","Year II",2,1,3,,0,0,
"EDUC 311","Educational administration ","Njala Campus",Undergraduate,"SCHOOL OF NATURAL RESOURCES MANAGEMENT","Biological Sciences","Bachelor Of Science With Honours In Mathematics With Computer Science","Year III",1,1,3,,0,0,
"EDUC 312","Research Methods ","Njala Campus",Undergraduate,"SCHOOL OF NATURAL RESOURCES MANAGEMENT","Biological Sciences","Bachelor Of Science With Honours In Mathematics With Computer Science","Year III",1,1,3,,0,0,
"EDUC 323","Teaching Methods ","Njala Campus",Undergraduate,"SCHOOL OF NATURAL RESOURCES MANAGEMENT","Biological Sciences","Bachelor Of Science With Honours In Mathematics With Computer Science","Year III",2,1,3,,0,0,
"EDUC 324","Curriculum Development ","Njala Campus",Undergraduate,"SCHOOL OF NATURAL RESOURCES MANAGEMENT","Biological Sciences","Bachelor Of Science With Honours In Mathematics With Computer Science","Year III",2,1,3,,0,0,
"EDUC 411","Learning Theories ","Njala Campus",Undergraduate,"SCHOOL OF NATURAL RESOURCES MANAGEMENT","Biological Sciences","Bachelor Of Science With Honours In Mathematics With Computer Science","Year IV",1,1,3,,0,0,
"EDUC 412","Comparative Education ","Njala Campus",Undergraduate,"SCHOOL OF NATURAL RESOURCES MANAGEMENT","Biological Sciences","Bachelor Of Science With Honours In Mathematics With Computer Science","Year IV",1,1,3,,0,0,
"EDUC 413","Media Technology ","Njala Campus",Undergraduate,"SCHOOL OF NATURAL RESOURCES MANAGEMENT","Biological Sciences","Bachelor Of Science With Honours In Mathematics With Computer Science","Year IV",1,1,3,,0,0,
"EDUC 414","Teaching Methodology ","Njala Campus",Undergraduate,"SCHOOL OF NATURAL RESOURCES MANAGEMENT","Biological Sciences","Bachelor Of Science With Honours In Mathematics With Computer Science","Year IV",1,1,3,,0,0,
"EED 301","Entrepreneurship Education I","Njala Campus",Undergraduate,"SCHOOL OF AGRICULTURE AND FOOD SCIENCES","Crop Protection ","Bachelor Of Science With Honours In Clothing And Textiles","Year III",1,1,3,,0,0,
"EED 301","Entrepreneurship Education I","Njala Campus",Undergraduate,"SCHOOL OF NATURAL RESOURCES MANAGEMENT","Biological Sciences","Bachelor Of Science With Honours In Statistics","Year III",1,1,3,,0,0,
"EED 301","Entrepreneurship Education I","Njala Campus",Undergraduate,"SCHOOL OF NATURAL RESOURCES MANAGEMENT","Biological Sciences","Bachelor Of Science With Honours In Mathematics With Computer Science","Year III",1,1,3,,0,0,
"EED 301","Entrepreneurship Education I","Njala Campus",Undergraduate,"SCHOOL OF TECHNOLOGY",Chemistry,"Bachelor Of Science In Education (Mathematics)","Year III",1,1,3,,0,0,
"EED 302","Entrepreneurship Education II","Njala Campus",Undergraduate,"SCHOOL OF AGRICULTURE AND FOOD SCIENCES","Crop Protection ","Bachelor Of Science With Honours In Clothing And Textiles","Year III",2,1,3,,0,0,
"EED 302","Entrepreneurship Education II","Njala Campus",Undergraduate,"SCHOOL OF NATURAL RESOURCES MANAGEMENT","Biological Sciences","Bachelor Of Science With Honours In Statistics","Year III",2,1,3,,0,0,
"EED 302","Entrepreneurship Education II","Njala Campus",Undergraduate,"SCHOOL OF NATURAL RESOURCES MANAGEMENT","Biological Sciences","Bachelor Of Science With Honours In Mathematics With Computer Science","Year III",2,1,3,,0,0,
"EED 302","Entrepreneurship Education II","Njala Campus",Undergraduate,"SCHOOL OF TECHNOLOGY",Chemistry,"Bachelor Of Science In Education (Mathematics)","Year III",2,1,3,,0,0,
"EED 311","Entrepreneurship Education","Njala Campus",Undergraduate,"SCHOOL OF AGRICULTURE AND FOOD SCIENCES","Agriculture General","Bachelor Of Science With Honours In Agriculture General ","Year III",1,1,0,,0,0,
"EED 311","Entrepreneurship Education","Njala Campus",Undergraduate,"SCHOOL OF AGRICULTURE AND FOOD SCIENCES","Crop Science","Bachelor Of Science With Honours In Soil Science(","Year III",1,1,3,,0,0,
"EED 311","Entrepreneurship Education","Njala Campus",Undergraduate,"SCHOOL OF AGRICULTURE AND FOOD SCIENCES","Crop Science","Bachelor Of Science With Honours In Home Economics And Community Developmen","Year III",1,1,1,,0,0,
"EED 311","Entrepreneurship Education","Njala Campus",Undergraduate,"SCHOOL OF AGRICULTURE AND FOOD SCIENCES","Crop Science","Bachelor Of Science With Honours In Nutrition And Dietetics","Year III",1,1,3,,0,0,
"EED 31X","Entrepreneurship Education","Njala Campus",Undergraduate,"SCHOOL OF AGRICULTURE AND FOOD SCIENCES","Agriculture General","Bachelor Of Science With Honours In Agricultural Extension And Rural","Year III",1,1,3,,0,0,
"EED 321","Entrepreneurship Education","Njala Campus",Undergraduate,"SCHOOL OF AGRICULTURE AND FOOD SCIENCES","Agriculture General","Bachelor Of Science With Honours In Agriculture General ","Year III",2,1,3,,0,0,
"EED 322","Entrepreneurship Education II","Njala Campus",Undergraduate,"SCHOOL OF AGRICULTURE AND FOOD SCIENCES","Crop Science","Bachelor Of Science With Honours In Soil Science(","Year III",2,1,3,,0,0,
"EED 322","Entrepreneurship Education II","Njala Campus",Undergraduate,"SCHOOL OF AGRICULTURE AND FOOD SCIENCES","Crop Science","Bachelor Of Science With Honours In Home Economics And Community Developmen","Year III",2,1,1,,0,0,
"EED 322","Entrepreneurship Education II","Njala Campus",Undergraduate,"SCHOOL OF AGRICULTURE AND FOOD SCIENCES","Crop Science","Bachelor Of Science With Honours In Nutrition And Dietetics","Year III",2,1,3,,0,0,
"EED 32X","Entrepreneurship Education","Njala Campus",Undergraduate,"SCHOOL OF AGRICULTURE AND FOOD SCIENCES","Agriculture General","Bachelor Of Science With Honours In Agricultural Extension And Rural","Year III",2,1,3,,0,0,
"ELEC 214","Molecular Biology","Njala Campus",Undergraduate,"SCHOOL OF NATURAL RESOURCES MANAGEMENT","Biological Sciences","Bachelor Of Science With Honours In Statistics","Year II",2,1,3,,0,0,
"ELEC 327","Vegetation & Herbarium Studies","Njala Campus",Undergraduate,"SCHOOL OF NATURAL RESOURCES MANAGEMENT","Biological Sciences","Bachelor Of Science With Honours In Statistics","Year III",2,1,3,,0,0,
"ELTT 111","Fundamentals of Computer Systems","Njala Campus",Undergraduate,"SCHOOL OF AGRICULTURE AND FOOD SCIENCES","Crop Science","Bachelor Of Science With Honours In Nutrition And Dietetics","Year I",1,1,3,,0,0,
"ELTT 121","Introduction to Electronics","Njala Campus",Undergraduate,"SCHOOL OF AGRICULTURE AND FOOD SCIENCES","Crop Science","Bachelor Of Science With Honours In Home Economics And Community Developmen","Year I",2,1,1,,0,0,
"ELTT 122","Introduction to Electronics","Njala Campus",Undergraduate,"SCHOOL OF AGRICULTURE AND FOOD SCIENCES","Crop Science","Bachelor Of Science With Honours In Nutrition And Dietetics","Year I",2,1,3,,0,0,
"ELTT 213","Digital Fundamentals and Logic Design I","Njala Campus",Undergraduate,"SCHOOL OF AGRICULTURE AND FOOD SCIENCES","Crop Science","Bachelor Of Science With Honours In Nutrition And Dietetics","Year II",1,1,3,,0,0,
"ELTT 214","Intro to Telecommunication Networks","Njala Campus",Undergraduate,"SCHOOL OF AGRICULTURE AND FOOD SCIENCES","Crop Science","Bachelor Of Science With Honours In Nutrition And Dietetics","Year II",1,1,3,,0,0,
"ELTT 225","Fundamentals of Microprocessors and Microcomputers","Njala Campus",Undergraduate,"SCHOOL OF AGRICULTURE AND FOOD SCIENCES","Crop Science","Bachelor Of Science With Honours In Nutrition And Dietetics","Year II",2,1,3,,0,0,
"ELTT 226","Digital Fundamentals and Logic Design II","Njala Campus",Undergraduate,"SCHOOL OF AGRICULTURE AND FOOD SCIENCES","Crop Science","Bachelor Of Science With Honours In Nutrition And Dietetics","Year II",2,1,3,,0,0,
"ELTT 227","Instrumentation and Measurement","Njala Campus",Undergraduate,"SCHOOL OF AGRICULTURE AND FOOD SCIENCES","Crop Science","Bachelor Of Science With Honours In Nutrition And Dietetics","Year II",2,1,3,,0,0,
"ELTT 3110","Computer Aided Design","Njala Campus",Undergraduate,"SCHOOL OF AGRICULTURE AND FOOD SCIENCES","Crop Science","Bachelor Of Science With Honours In Nutrition And Dietetics","Year III",1,1,3,,0,0,
"ELTT 317","Communication Circuits","Njala Campus",Undergraduate,"SCHOOL OF AGRICULTURE AND FOOD SCIENCES","Crop Science","Bachelor Of Science With Honours In Nutrition And Dietetics","Year III",1,1,3,,0,0,
"ELTT 318","Analog & Digital Communications","Njala Campus",Undergraduate,"SCHOOL OF AGRICULTURE AND FOOD SCIENCES","Crop Science","Bachelor Of Science With Honours In Nutrition And Dietetics","Year III",1,1,3,,0,0,
"ELTT 319","Linear Integrated Circuits","Njala Campus",Undergraduate,"SCHOOL OF AGRICULTURE AND FOOD SCIENCES","Crop Science","Bachelor Of Science With Honours In Nutrition And Dietetics","Year III",1,1,3,,0,0,
"ELTT 3211","Power Electronics","Njala Campus",Undergraduate,"SCHOOL OF AGRICULTURE AND FOOD SCIENCES","Crop Science","Bachelor Of Science With Honours In Nutrition And Dietetics","Year III",2,1,3,,0,0,
"ELTT 3212","Consumer Electronics","Njala Campus",Undergraduate,"SCHOOL OF AGRICULTURE AND FOOD SCIENCES","Crop Science","Bachelor Of Science With Honours In Nutrition And Dietetics","Year III",2,1,3,,0,0,
"ELTT 3213","Telephone Systems","Njala Campus",Undergraduate,"SCHOOL OF AGRICULTURE AND FOOD SCIENCES","Crop Science","Bachelor Of Science With Honours In Nutrition And Dietetics","Year III",2,1,3,,0,0,
"ELTT 4114","Wireless and Cellular Communication System","Njala Campus",Undergraduate,"SCHOOL OF AGRICULTURE AND FOOD SCIENCES","Crop Science","Bachelor Of Science With Honours In Nutrition And Dietetics","Year IV",1,1,3,,0,0,
"ELTT 4115","Antennas and Wave propagation","Njala Campus",Undergraduate,"SCHOOL OF AGRICULTURE AND FOOD SCIENCES","Crop Science","Bachelor Of Science With Honours In Nutrition And Dietetics","Year IV",1,1,3,,0,0,
"ELTT 4116","Optical Communication Systems","Njala Campus",Undergraduate,"SCHOOL OF AGRICULTURE AND FOOD SCIENCES","Crop Science","Bachelor Of Science With Honours In Nutrition And Dietetics","Year IV",1,1,3,,0,0,
"ELTT 4117","Radio & Satellite Communications","Njala Campus",Undergraduate,"SCHOOL OF AGRICULTURE AND FOOD SCIENCES","Crop Science","Bachelor Of Science With Honours In Nutrition And Dietetics","Year IV",1,1,3,,0,0,
"ELTT 4118","Digital Integrated Circuits & Applications","Njala Campus",Undergraduate,"SCHOOL OF AGRICULTURE AND FOOD SCIENCES","Crop Science","Bachelor Of Science With Honours In Nutrition And Dietetics","Year IV",1,1,3,,0,0,
"ENGL  111","English Language ","Njala Campus",Undergraduate,"SCHOOL OF AGRICULTURE AND FOOD SCIENCES","Agriculture General","Bachelor Of Science With Honours In Agricultural Extension And Rural","Year I",1,1,2,,0,0,
"ENGL  121","English Language","Njala Campus",Undergraduate,"SCHOOL OF AGRICULTURE AND FOOD SCIENCES","Agriculture General","Bachelor Of Science With Honours In Agricultural Extension And Rural","Year I",2,1,2,,0,0,
"ENGL 211","English Language","Njala Campus",Undergraduate,"SCHOOL OF AGRICULTURE AND FOOD SCIENCES","Agriculture General","Bachelor Of Science With Honours In Agricultural Extension And Rural","Year II",1,1,2,,0,0,
"ENGL 221","English Language","Njala Campus",Undergraduate,"SCHOOL OF AGRICULTURE AND FOOD SCIENCES","Agriculture General","Bachelor Of Science With Honours In Agricultural Extension And Rural","Year II",2,1,2,,0,0,
"ENVS 111","Introduction to Environmental Sciences","Njala Campus",Undergraduate,"SCHOOL OF TECHNOLOGY",Chemistry,"Bachelor Of Science In Education (Mathematics)","Year I",1,1,3,,0,0,
"GEOG 111","Fundamentals of Physical Geography                  ","Njala Campus",Undergraduate,"SCHOOL OF TECHNOLOGY",Chemistry,"Bachelor Of Science In Education (Mathematics)","Year I",1,1,3,,0,0,
"GEOG 112","Introduction to Cartography & Elementary Surveying ","Njala Campus",Undergraduate,"SCHOOL OF TECHNOLOGY",Chemistry,"Bachelor Of Science In Education (Mathematics)","Year I",1,1,3,,0,0,
"GEOG 123"," Introduction to Human and Regional Geography","Njala Campus",Undergraduate,"SCHOOL OF TECHNOLOGY",Chemistry,"Bachelor Of Science In Education (Mathematics)","Year I",2,1,3,,0,0,
"GEOG 322","Remote Sensing Information Modeling","Njala Campus",Undergraduate,"SCHOOL OF TECHNOLOGY",Chemistry,"Bachelor Of Science In Education (Mathematics)","Year III",2,1,3,,0,0,
"GEOG SENVS 122","Introduction to Environmental Management","Njala Campus",Undergraduate,"SCHOOL OF TECHNOLOGY",Chemistry,"Bachelor Of Science In Education (Mathematics)","Year I",2,1,3,,0,0,
"GEST 111","English Language","Njala Campus",Undergraduate,"SCHOOL OF AGRICULTURE AND FOOD SCIENCES","Agriculture General","Bachelor Of Science With Honours In Agriculture General ","Year I",1,1,2,,0,0,
"GEST 111","English Language","Njala Campus",Undergraduate,"SCHOOL OF AGRICULTURE AND FOOD SCIENCES","Crop Science","Bachelor Of Science With Honours In Soil Science(","Year I",1,1,3,,0,0,
"GEST 111","English Language","Njala Campus",Undergraduate,"SCHOOL OF AGRICULTURE AND FOOD SCIENCES","Crop Science","Bachelor Of Science With Honours In Home Economics And Community Developmen","Year I",1,1,1,,0,0,
"GEST 111","English Language","Njala Campus",Undergraduate,"SCHOOL OF AGRICULTURE AND FOOD SCIENCES","Crop Science","Bachelor Of Science With Honours In Nutrition And Dietetics","Year I",1,1,3,,0,0,
"GEST 111","English Language","Njala Campus",Undergraduate,"SCHOOL OF AGRICULTURE AND FOOD SCIENCES","Crop Protection ","Bachelor Of Science With Honours In Clothing And Textiles","Year I",1,1,3,,0,0,
"GEST 111","English Language","Njala Campus",Undergraduate,"SCHOOL OF NATURAL RESOURCES MANAGEMENT","Biological Sciences","Bachelor Of Science With Honours In Statistics","Year I",1,1,3,,0,0,
"GEST 111","English Language","Njala Campus",Undergraduate,"SCHOOL OF NATURAL RESOURCES MANAGEMENT","Biological Sciences","Bachelor Of Science With Honours In Mathematics With Computer Science","Year I",1,1,3,,0,0,
"GEST 111","English Language","Njala Campus",Undergraduate,"SCHOOL OF TECHNOLOGY",Chemistry,"Bachelor Of Science In Education (Mathematics)","Year I",1,1,3,,0,0,
"GEST 121","English Language","Njala Campus",Undergraduate,"SCHOOL OF AGRICULTURE AND FOOD SCIENCES","Agriculture General","Bachelor Of Science With Honours In Agriculture General ","Year I",2,1,2,,0,0,
"GEST 122","General English Studies II","Njala Campus",Undergraduate,"SCHOOL OF AGRICULTURE AND FOOD SCIENCES","Crop Science","Bachelor Of Science With Honours In Soil Science(","Year I",2,1,3,,0,0,
"GEST 122","General English Studies II","Njala Campus",Undergraduate,"SCHOOL OF AGRICULTURE AND FOOD SCIENCES","Crop Science","Bachelor Of Science With Honours In Home Economics And Community Developmen","Year I",2,1,1,,0,0,
"GEST 122","General English Studies II","Njala Campus",Undergraduate,"SCHOOL OF AGRICULTURE AND FOOD SCIENCES","Crop Science","Bachelor Of Science With Honours In Nutrition And Dietetics","Year I",2,1,3,,0,0,
"GEST 122","General English Studies II","Njala Campus",Undergraduate,"SCHOOL OF AGRICULTURE AND FOOD SCIENCES","Crop Protection ","Bachelor Of Science With Honours In Clothing And Textiles","Year I",2,1,3,,0,0,
"GEST 122","General English Studies II","Njala Campus",Undergraduate,"SCHOOL OF NATURAL RESOURCES MANAGEMENT","Biological Sciences","Bachelor Of Science With Honours In Statistics","Year I",2,1,3,,0,0,
"GEST 122","General English Studies II","Njala Campus",Undergraduate,"SCHOOL OF NATURAL RESOURCES MANAGEMENT","Biological Sciences","Bachelor Of Science With Honours In Mathematics With Computer Science","Year I",2,1,3,,0,0,
"GEST 122","General English Studies II","Njala Campus",Undergraduate,"SCHOOL OF TECHNOLOGY",Chemistry,"Bachelor Of Science In Education (Mathematics)","Year I",2,1,3,,0,0,
"GEST 211","English Language","Njala Campus",Undergraduate,"SCHOOL OF AGRICULTURE AND FOOD SCIENCES","Agriculture General","Bachelor Of Science With Honours In Agriculture General ","Year II",1,1,2,,0,0,
"GEST 213","General English Studies II","Njala Campus",Undergraduate,"SCHOOL OF AGRICULTURE AND FOOD SCIENCES","Crop Science","Bachelor Of Science With Honours In Soil Science(","Year II",1,1,3,,0,0,
"GEST 213","General English Studies II","Njala Campus",Undergraduate,"SCHOOL OF AGRICULTURE AND FOOD SCIENCES","Crop Science","Bachelor Of Science With Honours In Home Economics And Community Developmen","Year II",1,1,1,,0,0,
"GEST 213","General English Studies II","Njala Campus",Undergraduate,"SCHOOL OF AGRICULTURE AND FOOD SCIENCES","Crop Science","Bachelor Of Science With Honours In Nutrition And Dietetics","Year II",1,1,3,,0,0,
"GEST 213","General English Studies II","Njala Campus",Undergraduate,"SCHOOL OF NATURAL RESOURCES MANAGEMENT","Biological Sciences","Bachelor Of Science With Honours In Statistics","Year II",1,1,3,,0,0,
"GEST 213","General English Studies II","Njala Campus",Undergraduate,"SCHOOL OF NATURAL RESOURCES MANAGEMENT","Biological Sciences","Bachelor Of Science With Honours In Statistics","Year II",2,1,3,,0,0,
"GEST 213","General English Studies II","Njala Campus",Undergraduate,"SCHOOL OF NATURAL RESOURCES MANAGEMENT","Biological Sciences","Bachelor Of Science With Honours In Mathematics With Computer Science","Year II",1,1,3,,0,0,
"GEST 213","General English Studies II","Njala Campus",Undergraduate,"SCHOOL OF NATURAL RESOURCES MANAGEMENT","Biological Sciences","Bachelor Of Science With Honours In Mathematics With Computer Science","Year II",2,1,3,,0,0,
"GEST 213","General English Studies II","Njala Campus",Undergraduate,"SCHOOL OF TECHNOLOGY",Chemistry,"Bachelor Of Science In Education (Mathematics)","Year II",1,1,3,,0,0,
"GEST 221","English Language","Njala Campus",Undergraduate,"SCHOOL OF AGRICULTURE AND FOOD SCIENCES","Agriculture General","Bachelor Of Science With Honours In Agriculture General ","Year II",2,1,2,,0,0,
"GEST 224","General English Studies IV","Njala Campus",Undergraduate,"SCHOOL OF AGRICULTURE AND FOOD SCIENCES","Crop Science","Bachelor Of Science With Honours In Soil Science(","Year II",2,1,3,,0,0,
"GEST 224","General English Studies IV","Njala Campus",Undergraduate,"SCHOOL OF AGRICULTURE AND FOOD SCIENCES","Crop Science","Bachelor Of Science With Honours In Home Economics And Community Developmen","Year II",2,1,1,,0,0,
"GEST 224","General English Studies IV","Njala Campus",Undergraduate,"SCHOOL OF AGRICULTURE AND FOOD SCIENCES","Crop Science","Bachelor Of Science With Honours In Nutrition And Dietetics","Year II",2,1,3,,0,0,
"GEST 224","General English Studies IV","Njala Campus",Undergraduate,"SCHOOL OF TECHNOLOGY",Chemistry,"Bachelor Of Science In Education (Mathematics)","Year II",2,1,3,,0,0,
"GIS 121","Principles of Geographic Information System","Njala Campus",Undergraduate,"SCHOOL OF TECHNOLOGY",Chemistry,"Bachelor Of Science In Education (Mathematics)","Year I",2,1,3,,0,0,
"GIS 213","Introduction to Geo-informatic Software    ","Njala Campus",Undergraduate,"SCHOOL OF TECHNOLOGY",Chemistry,"Bachelor Of Science In Education (Mathematics)","Year II",1,1,3,,0,0,
"GIS 215","Introduction to Cadastral Mapping                           ","Njala Campus",Undergraduate,"SCHOOL OF TECHNOLOGY",Chemistry,"Bachelor Of Science In Education (Mathematics)","Year II",2,1,3,,0,0,
"GIS 315","Remote Sensing Image Processing","Njala Campus",Undergraduate,"SCHOOL OF TECHNOLOGY",Chemistry,"Bachelor Of Science In Education (Mathematics)","Year III",1,1,3,,0,0,
"HEC 32X","Human nutrition","Njala Campus",Undergraduate,"SCHOOL OF AGRICULTURE AND FOOD SCIENCES","Agriculture General","Bachelor Of Science With Honours In Agricultural Extension And Rural","Year III",2,1,3,,0,0,
"HORT 31X","Landscape engineering and installations","Njala Campus",Undergraduate,"SCHOOL OF AGRICULTURE AND FOOD SCIENCES","Agriculture General","Bachelor Of Science With Honours In Agriculture General ","Year III",1,1,3,,0,0,
"HORT 31X","Landscape engineering and installations","Njala Campus",Undergraduate,"SCHOOL OF AGRICULTURE AND FOOD SCIENCES","Agriculture General","Bachelor Of Science With Honours In Agricultural Extension And Rural","Year III",1,1,3,,0,0,
"HORT 32X",Horticulture,"Njala Campus",Undergraduate,"SCHOOL OF AGRICULTURE AND FOOD SCIENCES","Agriculture General","Bachelor Of Science With Honours In Agricultural Extension And Rural","Year III",2,1,3,,0,0,
"ICT  122","Information and Communication Technology","Njala Campus",Undergraduate,"SCHOOL OF AGRICULTURE AND FOOD SCIENCES","Crop Science","Bachelor Of Science With Honours In Home Economics And Community Developmen","Year I",2,1,1,,0,0,
"ICT 111","Information and Communication Technology","Njala Campus",Undergraduate,"SCHOOL OF AGRICULTURE AND FOOD SCIENCES","Agriculture General","Bachelor Of Science With Honours In Agriculture General ","Year I",1,1,2,,0,0,
"ICT 111","Information and Communication Technology","Njala Campus",Undergraduate,"SCHOOL OF AGRICULTURE AND FOOD SCIENCES","Agriculture General","Bachelor Of Science With Honours In Agricultural Extension And Rural","Year I",1,1,2,,0,0,
"ICT 111","Information and Communication Technology","Njala Campus",Undergraduate,"SCHOOL OF AGRICULTURE AND FOOD SCIENCES","Crop Science","Bachelor Of Science With Honours In Soil Science(","Year I",1,1,3,,0,0,
"ICT 111","Information and Communication Technology","Njala Campus",Undergraduate,"SCHOOL OF AGRICULTURE AND FOOD SCIENCES","Crop Science","Bachelor Of Science With Honours In Home Economics And Community Developmen","Year I",1,1,1,,0,0,
"ICT 111","Information and Communication Technology","Njala Campus",Undergraduate,"SCHOOL OF AGRICULTURE AND FOOD SCIENCES","Crop Science","Bachelor Of Science With Honours In Nutrition And Dietetics","Year I",1,1,3,,0,0,
"ICT 111","Information and Communication Technology","Njala Campus",Undergraduate,"SCHOOL OF AGRICULTURE AND FOOD SCIENCES","Crop Protection ","Bachelor Of Science With Honours In Clothing And Textiles","Year I",1,1,3,,0,0,
"ICT 111","Information and Communication Technology","Njala Campus",Undergraduate,"SCHOOL OF NATURAL RESOURCES MANAGEMENT","Biological Sciences","Bachelor Of Science With Honours In Statistics","Year I",1,1,3,,0,0,
"ICT 111","Information and Communication Technology","Njala Campus",Undergraduate,"SCHOOL OF NATURAL RESOURCES MANAGEMENT","Biological Sciences","Bachelor Of Science With Honours In Mathematics With Computer Science","Year I",1,1,3,,0,0,
"ICT 111","Information and Communication Technology","Njala Campus",Undergraduate,"SCHOOL OF TECHNOLOGY",Chemistry,"Bachelor Of Science In Education (Mathematics)","Year I",1,1,3,,0,0,
"ICT 121","Information and Communication Technology","Njala Campus",Undergraduate,"SCHOOL OF AGRICULTURE AND FOOD SCIENCES","Agriculture General","Bachelor Of Science With Honours In Agriculture General ","Year I",2,1,2,,0,0,
"ICT 121","Information and Communication Technology","Njala Campus",Undergraduate,"SCHOOL OF AGRICULTURE AND FOOD SCIENCES","Agriculture General","Bachelor Of Science With Honours In Agricultural Extension And Rural","Year I",2,1,2,,0,0,
"ICT 122","Information and Communication Technology","Njala Campus",Undergraduate,"SCHOOL OF AGRICULTURE AND FOOD SCIENCES","Crop Science","Bachelor Of Science With Honours In Soil Science(","Year I",2,1,3,,0,0,
"ICT 122","Information and Communication Technology","Njala Campus",Undergraduate,"SCHOOL OF AGRICULTURE AND FOOD SCIENCES","Crop Science","Bachelor Of Science With Honours In Nutrition And Dietetics","Year I",2,1,3,,0,0,
"ICT 122","Information and Communication Technology","Njala Campus",Undergraduate,"SCHOOL OF AGRICULTURE AND FOOD SCIENCES","Crop Protection ","Bachelor Of Science With Honours In Clothing And Textiles","Year I",2,1,3,,0,0,
"ICT 122","Information and Communication Technology","Njala Campus",Undergraduate,"SCHOOL OF NATURAL RESOURCES MANAGEMENT","Biological Sciences","Bachelor Of Science With Honours In Statistics","Year I",2,1,3,,0,0,
"ICT 122","Information and Communication Technology","Njala Campus",Undergraduate,"SCHOOL OF NATURAL RESOURCES MANAGEMENT","Biological Sciences","Bachelor Of Science With Honours In Mathematics With Computer Science","Year I",2,1,3,,0,0,
"ICT 122","Information and Communication Technology","Njala Campus",Undergraduate,"SCHOOL OF TECHNOLOGY",Chemistry,"Bachelor Of Science In Education (Mathematics)","Year I",2,1,3,,0,0,
"ITEC  111","Introduction to Industrial Technology","Njala Campus",Undergraduate,"SCHOOL OF AGRICULTURE AND FOOD SCIENCES","Crop Protection ","Bachelor Of Science With Honours In Clothing And Textiles","Year I",1,1,3,,0,0,
"ITEC  122","Engineering Drawing and Design Graphics; Computer Aided Design and Drafting","Njala Campus",Undergraduate,"SCHOOL OF AGRICULTURE AND FOOD SCIENCES","Crop Protection ","Bachelor Of Science With Honours In Clothing And Textiles","Year I",2,1,3,,0,0,
"ITEC  2110","Engineering Thermodynamics","Njala Campus",Undergraduate,"SCHOOL OF AGRICULTURE AND FOOD SCIENCES","Crop Protection ","Bachelor Of Science With Honours In Clothing And Textiles","Year II",1,1,3,,0,0,
"ITEC  216","Physical Chemistry of Silicate Materials ( Glasses and Cement)","Njala Campus",Undergraduate,"SCHOOL OF AGRICULTURE AND FOOD SCIENCES","Crop Protection ","Bachelor Of Science With Honours In Clothing And Textiles","Year II",1,1,3,,0,0,
"ITEC  217","Manufacturing Process","Njala Campus",Undergraduate,"SCHOOL OF AGRICULTURE AND FOOD SCIENCES","Crop Protection ","Bachelor Of Science With Honours In Clothing And Textiles","Year II",1,1,3,,0,0,
"ITEC  218","Computer Aided Design (CAD)","Njala Campus",Undergraduate,"SCHOOL OF AGRICULTURE AND FOOD SCIENCES","Crop Protection ","Bachelor Of Science With Honours In Clothing And Textiles","Year II",1,1,3,,0,0,
"ITEC  219","Industrial Economics","Njala Campus",Undergraduate,"SCHOOL OF AGRICULTURE AND FOOD SCIENCES","Crop Protection ","Bachelor Of Science With Honours In Clothing And Textiles","Year II",1,1,3,,0,0,
"ITEC  2213","Product Evaluation","Njala Campus",Undergraduate,"SCHOOL OF AGRICULTURE AND FOOD SCIENCES","Crop Protection ","Bachelor Of Science With Honours In Clothing And Textiles","Year II",2,1,3,,0,0,
"ITEC  2214","Fundamentals Of Packaging","Njala Campus",Undergraduate,"SCHOOL OF AGRICULTURE AND FOOD SCIENCES","Crop Protection ","Bachelor Of Science With Honours In Clothing And Textiles","Year II",2,1,3,,0,0,
"ITEC  2215","Facility Equipment and Systems","Njala Campus",Undergraduate,"SCHOOL OF AGRICULTURE AND FOOD SCIENCES","Crop Protection ","Bachelor Of Science With Honours In Clothing And Textiles","Year II",2,1,3,,0,0,
"ITEC  2216","Advance Calculus II","Njala Campus",Undergraduate,"SCHOOL OF AGRICULTURE AND FOOD SCIENCES","Crop Protection ","Bachelor Of Science With Honours In Clothing And Textiles","Year II",2,1,3,,0,0,
"ITEC  2217","Principles of Marketing","Njala Campus",Undergraduate,"SCHOOL OF AGRICULTURE AND FOOD SCIENCES","Crop Protection ","Bachelor Of Science With Honours In Clothing And Textiles","Year II",2,1,3,,0,0,
"ITEC 121","Introduction to Material Science ? Engineering","Njala Campus",Undergraduate,"SCHOOL OF AGRICULTURE AND FOOD SCIENCES","Crop Protection ","Bachelor Of Science With Honours In Clothing And Textiles","Year I",2,1,3,,0,0,
"ITEC 214","Engineering Mechanics I (Static)","Njala Campus",Undergraduate,"SCHOOL OF AGRICULTURE AND FOOD SCIENCES","Crop Protection ","Bachelor Of Science With Honours In Clothing And Textiles","Year II",1,1,3,,0,0,
"ITEC 215","Industrial Materials 1 (Non ? Metallic Materials)","Njala Campus",Undergraduate,"SCHOOL OF AGRICULTURE AND FOOD SCIENCES","Crop Protection ","Bachelor Of Science With Honours In Clothing And Textiles","Year II",1,1,3,,0,0,
"ITEC 2211"," Engineering Mechanics 2(Dynamics)","Njala Campus",Undergraduate,"SCHOOL OF AGRICULTURE AND FOOD SCIENCES","Crop Protection ","Bachelor Of Science With Honours In Clothing And Textiles","Year II",2,1,3,,0,0,
"ITEC 2212","Industrial Materials 2 (Metallic Materials)","Njala Campus",Undergraduate,"SCHOOL OF AGRICULTURE AND FOOD SCIENCES","Crop Protection ","Bachelor Of Science With Honours In Clothing And Textiles","Year II",2,1,3,,0,0,
"ITEC 3118","Electrical/Electronic System","Njala Campus",Undergraduate,"SCHOOL OF AGRICULTURE AND FOOD SCIENCES","Crop Protection ","Bachelor Of Science With Honours In Clothing And Textiles","Year III",1,1,3,,0,0,
"ITEC 3119","Textile Technology","Njala Campus",Undergraduate,"SCHOOL OF AGRICULTURE AND FOOD SCIENCES","Crop Protection ","Bachelor Of Science With Honours In Clothing And Textiles","Year III",1,1,3,,0,0,
"ITEC 3120","Industrial Power Systems","Njala Campus",Undergraduate,"SCHOOL OF AGRICULTURE AND FOOD SCIENCES","Crop Protection ","Bachelor Of Science With Honours In Clothing And Textiles","Year III",1,1,3,,0,0,
"ITEC 3121","Industrial and Quality Systems Management","Njala Campus",Undergraduate,"SCHOOL OF AGRICULTURE AND FOOD SCIENCES","Crop Protection ","Bachelor Of Science With Honours In Clothing And Textiles","Year III",1,1,3,,0,0,
"ITEC 3122","Applied Industrial Product Design, Fabrication and Sales","Njala Campus",Undergraduate,"SCHOOL OF AGRICULTURE AND FOOD SCIENCES","Crop Protection ","Bachelor Of Science With Honours In Clothing And Textiles","Year III",1,1,3,,0,0,
"ITEC 3123","Fluid Mechanics","Njala Campus",Undergraduate,"SCHOOL OF AGRICULTURE AND FOOD SCIENCES","Crop Protection ","Bachelor Of Science With Honours In Clothing And Textiles","Year III",1,1,3,,0,0,
"ITEC 3224","Plastic Process and Application","Njala Campus",Undergraduate,"SCHOOL OF AGRICULTURE AND FOOD SCIENCES","Crop Protection ","Bachelor Of Science With Honours In Clothing And Textiles","Year III",2,1,3,,0,0,
"ITEC 3225","Ceramic Technology","Njala Campus",Undergraduate,"SCHOOL OF AGRICULTURE AND FOOD SCIENCES","Crop Protection ","Bachelor Of Science With Honours In Clothing And Textiles","Year III",2,1,3,,0,0,
"ITEC 3226","Paper and Paperboard Packaging","Njala Campus",Undergraduate,"SCHOOL OF AGRICULTURE AND FOOD SCIENCES","Crop Protection ","Bachelor Of Science With Honours In Clothing And Textiles","Year III",2,1,3,,0,0,
"ITEC 3227","Machinery for Packaging","Njala Campus",Undergraduate,"SCHOOL OF AGRICULTURE AND FOOD SCIENCES","Crop Protection ","Bachelor Of Science With Honours In Clothing And Textiles","Year III",2,1,3,,0,0,
"ITEC 3228","Operations, Planning & Control","Njala Campus",Undergraduate,"SCHOOL OF AGRICULTURE AND FOOD SCIENCES","Crop Protection ","Bachelor Of Science With Honours In Clothing And Textiles","Year III",2,1,3,,0,0,
"ITEC 3229","Computer Numerical Control & Robotics","Njala Campus",Undergraduate,"SCHOOL OF AGRICULTURE AND FOOD SCIENCES","Crop Protection ","Bachelor Of Science With Honours In Clothing And Textiles","Year III",2,1,3,,0,0,
"ITEC 4130","Industrial Safety and Quality Program Leadership","Njala Campus",Undergraduate,"SCHOOL OF AGRICULTURE AND FOOD SCIENCES","Crop Protection ","Bachelor Of Science With Honours In Clothing And Textiles","Year IV",1,1,3,,0,0,
"ITEC 4131","Computer Process Simulation of Operational Systems","Njala Campus",Undergraduate,"SCHOOL OF AGRICULTURE AND FOOD SCIENCES","Crop Protection ","Bachelor Of Science With Honours In Clothing And Textiles","Year IV",1,1,3,,0,0,
"ITEC 4132","Material Testing and Laboratory Instrumentation","Njala Campus",Undergraduate,"SCHOOL OF AGRICULTURE AND FOOD SCIENCES","Crop Protection ","Bachelor Of Science With Honours In Clothing And Textiles","Year IV",1,1,3,,0,0,
"ITEC 4133","Project Design and Management.","Njala Campus",Undergraduate,"SCHOOL OF AGRICULTURE AND FOOD SCIENCES","Crop Protection ","Bachelor Of Science With Honours In Clothing And Textiles","Year IV",1,1,3,,0,0,
"ITEC 4134","Packaging Performance Testing","Njala Campus",Undergraduate,"SCHOOL OF AGRICULTURE AND FOOD SCIENCES","Crop Protection ","Bachelor Of Science With Honours In Clothing And Textiles","Year IV",1,1,3,,0,0,
"ITEC 4135","Research Methods","Njala Campus",Undergraduate,"SCHOOL OF AGRICULTURE AND FOOD SCIENCES","Crop Protection ","Bachelor Of Science With Honours In Clothing And Textiles","Year IV",1,1,3,,0,0,
"ITEC 4136","Organizational Behaviour","Njala Campus",Undergraduate,"SCHOOL OF AGRICULTURE AND FOOD SCIENCES","Crop Protection ","Bachelor Of Science With Honours In Clothing And Textiles","Year IV",1,1,3,,0,0,
"MATH  111",Pre-calculus,"Njala Campus",Undergraduate,"SCHOOL OF AGRICULTURE AND FOOD SCIENCES","Agriculture General","Bachelor Of Science With Honours In Agricultural Extension And Rural","Year I",1,1,3,,0,0,
"MATH  121",Calculus,"Njala Campus",Undergraduate,"SCHOOL OF AGRICULTURE AND FOOD SCIENCES","Agriculture General","Bachelor Of Science With Honours In Agricultural Extension And Rural","Year I",2,1,3,,0,0,
"MATH 111",Pre-calculus,"Njala Campus",Undergraduate,"SCHOOL OF AGRICULTURE AND FOOD SCIENCES","Agriculture General","Bachelor Of Science With Honours In Agriculture General ","Year I",1,1,3,,0,0,
"MATH 111",Pre-calculus,"Njala Campus",Undergraduate,"SCHOOL OF AGRICULTURE AND FOOD SCIENCES","Crop Science","Bachelor Of Science With Honours In Home Economics And Community Developmen","Year I",1,1,1,,0,0,
"MATH 111",Pre-calculus,"Njala Campus",Undergraduate,"SCHOOL OF AGRICULTURE AND FOOD SCIENCES","Crop Science","Bachelor Of Science With Honours In Nutrition And Dietetics","Year I",1,1,3,,0,0,
"MATH 111",Pre-calculus,"Njala Campus",Undergraduate,"SCHOOL OF AGRICULTURE AND FOOD SCIENCES","Crop Protection ","Bachelor Of Science With Honours In Clothing And Textiles","Year I",1,1,3,,0,0,
"MATH 111",Pre-calculus,"Njala Campus",Undergraduate,"SCHOOL OF NATURAL RESOURCES MANAGEMENT","Biological Sciences","Bachelor Of Science With Honours In Statistics","Year I",1,1,3,,0,0,
"MATH 111",Pre-calculus,"Njala Campus",Undergraduate,"SCHOOL OF NATURAL RESOURCES MANAGEMENT","Biological Sciences","Bachelor Of Science With Honours In Mathematics With Computer Science","Year I",1,1,3,,0,0,
"MATH 111",Pre-calculus,"Njala Campus",Undergraduate,"SCHOOL OF TECHNOLOGY",Chemistry,"Bachelor Of Science In Education (Mathematics)","Year I",1,1,3,,0,0,
"MATH 121",Calculus,"Njala Campus",Undergraduate,"SCHOOL OF AGRICULTURE AND FOOD SCIENCES","Agriculture General","Bachelor Of Science With Honours In Agriculture General ","Year I",2,1,3,,0,0,
"MATH 121",Calculus,"Njala Campus",Undergraduate,"SCHOOL OF AGRICULTURE AND FOOD SCIENCES","Crop Protection ","Bachelor Of Science With Honours In Clothing And Textiles","Year I",2,1,3,,0,0,
"MATH 122 ","Intro. to Calculus, Applied Mathematics & Statistics","Njala Campus",Undergraduate,"SCHOOL OF NATURAL RESOURCES MANAGEMENT","Biological Sciences","Bachelor Of Science With Honours In Statistics","Year I",2,1,3,,0,0,
"MATH 122 ","Intro. to Calculus, Applied Mathematics & Statistics","Njala Campus",Undergraduate,"SCHOOL OF NATURAL RESOURCES MANAGEMENT","Biological Sciences","Bachelor Of Science With Honours In Mathematics With Computer Science","Year I",2,1,3,,0,0,
"MATH 122 ","Intro. to Calculus, Applied Mathematics & Statistics","Njala Campus",Undergraduate,"SCHOOL OF TECHNOLOGY",Chemistry,"Bachelor Of Science In Education (Mathematics)","Year I",2,1,3,,0,0,
"MATH 12X","Introductions to Applied Mathematics, Calculus & Statistics","Njala Campus",Undergraduate,"SCHOOL OF AGRICULTURE AND FOOD SCIENCES","Crop Science","Bachelor Of Science With Honours In Home Economics And Community Developmen","Year I",2,1,1,,0,0,
"MATH 12X","Introductions to Applied Mathematics, Calculus & Statistics","Njala Campus",Undergraduate,"SCHOOL OF AGRICULTURE AND FOOD SCIENCES","Crop Science","Bachelor Of Science With Honours In Nutrition And Dietetics","Year I",2,1,3,,0,0,
NAD,"Human nutrition","Njala Campus",Postgraduate,"SCHOOL OF ENVIRONMENTAL SCIENCES","Animal Science ","Bachelor Of Science With Honours In Crop Science","Year I",2,1,2,,0,0,
"PHYS  111","General Physics 1","Njala Campus",Undergraduate,"SCHOOL OF AGRICULTURE AND FOOD SCIENCES","Agriculture General","Bachelor Of Science With Honours In Agricultural Extension And Rural","Year I",1,1,3,,0,0,
"PHYS  121","General Physics 2","Njala Campus",Undergraduate,"SCHOOL OF AGRICULTURE AND FOOD SCIENCES","Agriculture General","Bachelor Of Science With Honours In Agricultural Extension And Rural","Year I",2,1,3,,0,0,
"PHYS 111","General Physics 1","Njala Campus",Undergraduate,"SCHOOL OF AGRICULTURE AND FOOD SCIENCES","Agriculture General","Bachelor Of Science With Honours In Agriculture General ","Year I",1,1,3,,0,0,
"PHYS 111","General Physics 1","Njala Campus",Undergraduate,"SCHOOL OF AGRICULTURE AND FOOD SCIENCES","Crop Science","Bachelor Of Science With Honours In Home Economics And Community Developmen","Year I",1,1,1,,0,0,
"PHYS 111","General Physics 1","Njala Campus",Undergraduate,"SCHOOL OF AGRICULTURE AND FOOD SCIENCES","Crop Science","Bachelor Of Science With Honours In Nutrition And Dietetics","Year I",1,1,3,,0,0,
"PHYS 111","General Physics 1","Njala Campus",Undergraduate,"SCHOOL OF AGRICULTURE AND FOOD SCIENCES","Crop Protection ","Bachelor Of Science With Honours In Clothing And Textiles","Year I",1,1,3,,0,0,
"PHYS 111","General Physics 1","Njala Campus",Undergraduate,"SCHOOL OF NATURAL RESOURCES MANAGEMENT","Biological Sciences","Bachelor Of Science With Honours In Mathematics With Computer Science","Year I",1,1,3,,0,0,
"PHYS 120","General Science (Physics Option)","Njala Campus",Undergraduate,"SCHOOL OF AGRICULTURE AND FOOD SCIENCES","Crop Science","Bachelor Of Science With Honours In Soil Science(","Year I",2,1,3,,0,0,
"PHYS 121","General Physics 2","Njala Campus",Undergraduate,"SCHOOL OF AGRICULTURE AND FOOD SCIENCES","Agriculture General","Bachelor Of Science With Honours In Agriculture General ","Year I",2,1,3,,0,0,
"PHYS 122","Waves, Geometrical Optics, Magnetism and Electricity                                                                       ","Njala Campus",Undergraduate,"SCHOOL OF AGRICULTURE AND FOOD SCIENCES","Crop Science","Bachelor Of Science With Honours In Home Economics And Community Developmen","Year I",2,1,1,,0,0,
"PHYS 122","Waves, Geometrical Optics, Magnetism and Electricity                                                                       ","Njala Campus",Undergraduate,"SCHOOL OF AGRICULTURE AND FOOD SCIENCES","Crop Science","Bachelor Of Science With Honours In Nutrition And Dietetics","Year I",2,1,3,,0,0,
"PHYS 122","Waves, Geometrical Optics, Magnetism and Electricity                                                                       ","Njala Campus",Undergraduate,"SCHOOL OF AGRICULTURE AND FOOD SCIENCES","Crop Protection ","Bachelor Of Science With Honours In Clothing And Textiles","Year I",2,1,3,,0,0,
"PHYS 122","Waves, Geometrical Optics, Magnetism and Electricity                                                                       ","Njala Campus",Undergraduate,"SCHOOL OF NATURAL RESOURCES MANAGEMENT","Biological Sciences","Bachelor Of Science With Honours In Statistics","Year I",2,1,3,,0,0,
"PHYS 122","Waves, Geometrical Optics, Magnetism and Electricity                                                                       ","Njala Campus",Undergraduate,"SCHOOL OF NATURAL RESOURCES MANAGEMENT","Biological Sciences","Bachelor Of Science With Honours In Mathematics With Computer Science","Year I",2,1,3,,0,0,
"PHYS 226","Electricity & Magnetism","Njala Campus",Undergraduate,"SCHOOL OF AGRICULTURE AND FOOD SCIENCES","Crop Science","Bachelor Of Science With Honours In Nutrition And Dietetics","Year II",2,1,3,,0,0,
"PHYS 3110","Electromagnetic Fields and Waves","Njala Campus",Undergraduate,"SCHOOL OF AGRICULTURE AND FOOD SCIENCES","Crop Science","Bachelor Of Science With Honours In Nutrition And Dietetics","Year III",1,1,3,,0,0,
PHYS111,"General Physics (Forces, Motion and Thermal Physics)","Njala Campus",Undergraduate,"SCHOOL OF NATURAL RESOURCES MANAGEMENT","Biological Sciences","Bachelor Of Science With Honours In Statistics","Year I",1,1,3,,0,0,
"R.DEV 213","Rural Social Structure and Development","Njala Campus",Undergraduate,"SCHOOL OF TECHNOLOGY",Chemistry,"Bachelor Of Science In Education (Mathematics)","Year II",1,1,3,,0,0,
"R.DEV 227"," Sociology of Rural Development","Njala Campus",Undergraduate,"SCHOOL OF TECHNOLOGY",Chemistry,"Bachelor Of Science In Education (Mathematics)","Year II",2,1,3,,0,0,
"R.DEV 228","Rural Development in West Africa                                                                       ","Njala Campus",Undergraduate,"SCHOOL OF TECHNOLOGY",Chemistry,"Bachelor Of Science In Education (Mathematics)","Year II",2,1,3,,0,0,
"SENVS 223","Social Science Research Methods I                                                 ","Njala Campus",Undergraduate,"SCHOOL OF TECHNOLOGY",Chemistry,"Bachelor Of Science In Education (Mathematics)","Year II",2,1,3,,0,0,
"SENVS 314","Research Method II","Njala Campus",Undergraduate,"SCHOOL OF TECHNOLOGY",Chemistry,"Bachelor Of Science In Education (Mathematics)","Year III",1,1,3,,0,0,
"SENVS 315","Environmental Impact Assessment                                          ","Njala Campus",Undergraduate,"SCHOOL OF TECHNOLOGY",Chemistry,"Bachelor Of Science In Education (Mathematics)","Year III",2,1,3,,0,0,
"SENVS 416","Seminar in Social Science Research Methods","Njala Campus",Undergraduate,"SCHOOL OF TECHNOLOGY",Chemistry,"Bachelor Of Science In Education (Mathematics)","Year IV",1,1,3,,0,0,
"SOS 211","Fundamentals of Soil Science","Njala Campus",Undergraduate,"SCHOOL OF AGRICULTURE AND FOOD SCIENCES","Agriculture General","Bachelor Of Science With Honours In Agriculture General ","Year II",1,1,3,,0,0,
"SOS 21X","Fundamentals of Soil Science","Njala Campus",Undergraduate,"SCHOOL OF AGRICULTURE AND FOOD SCIENCES","Agriculture General","Bachelor Of Science With Honours In Agricultural Extension And Rural","Year II",1,1,3,,0,0,
"SOS 31X","Plant nutrition","Njala Campus",Undergraduate,"SCHOOL OF AGRICULTURE AND FOOD SCIENCES","Agriculture General","Bachelor Of Science With Honours In Agriculture General ","Year III",1,1,3,,0,0,
"SOS 31X","Plant nutrition","Njala Campus",Undergraduate,"SCHOOL OF AGRICULTURE AND FOOD SCIENCES","Agriculture General","Bachelor Of Science With Honours In Agricultural Extension And Rural","Year III",1,1,3,,0,0,
"SOS 631","Agroforestry 2","Njala Campus",Postgraduate,"SCHOOL OF ENVIRONMENTAL SCIENCES","Animal Science ","Bachelor Of Science With Honours In Crop Protection ","Year I",1,1,3,,0,0,
"SOS 681","Integrated soil management conservation","Njala Campus",Postgraduate,"SCHOOL OF ENVIRONMENTAL SCIENCES","Animal Science ","Bachelor Of Science With Honours In Crop Protection ","Year I",1,1,3,,0,0,
"STAT 111","Introduction to Statistics","Njala Campus",Undergraduate,"SCHOOL OF AGRICULTURE AND FOOD SCIENCES","Crop Science","Bachelor Of Science With Honours In Soil Science(","Year I",1,1,3,,0,0,
"STAT 111","Introduction to Statistics","Njala Campus",Undergraduate,"SCHOOL OF AGRICULTURE AND FOOD SCIENCES","Crop Science","Bachelor Of Science With Honours In Home Economics And Community Developmen","Year I",1,1,1,,0,0,
"STAT 212","Data Analysis and Statistical Packages ","Njala Campus",Undergraduate,"SCHOOL OF AGRICULTURE AND FOOD SCIENCES","Crop Science","Bachelor Of Science With Honours In Soil Science(","Year II",1,1,3,,0,0,
"STAT 212","Data Analysis and Statistical Packages ","Njala Campus",Undergraduate,"SCHOOL OF AGRICULTURE AND FOOD SCIENCES","Crop Science","Bachelor Of Science With Honours In Home Economics And Community Developmen","Year II",1,1,1,,0,0,
"STS 110","Science, Technology & Society","Njala Campus",Undergraduate,"SCHOOL OF AGRICULTURE AND FOOD SCIENCES","Crop Science","Bachelor Of Science With Honours In Soil Science(","Year I",1,1,3,,0,0,
"STS 110","Science, Technology & Society","Njala Campus",Undergraduate,"SCHOOL OF AGRICULTURE AND FOOD SCIENCES","Crop Science","Bachelor Of Science With Honours In Home Economics And Community Developmen","Year I",1,1,1,,0,0,
"STS 110","Science, Technology & Society","Njala Campus",Undergraduate,"SCHOOL OF AGRICULTURE AND FOOD SCIENCES","Crop Science","Bachelor Of Science With Honours In Nutrition And Dietetics","Year I",1,1,3,,0,0,
"STS 111","Science, Technology and Society ","Njala Campus",Undergraduate,"SCHOOL OF AGRICULTURE AND FOOD SCIENCES","Agriculture General","Bachelor Of Science With Honours In Agriculture General ","Year I",1,1,2,,0,0,
"STS 111","Science, Technology and Society ","Njala Campus",Undergraduate,"SCHOOL OF AGRICULTURE AND FOOD SCIENCES","Agriculture General","Bachelor Of Science With Honours In Agricultural Extension And Rural","Year I",1,1,2,,0,0,
"STS III","Science, Technology & Society","Njala Campus",Undergraduate,"SCHOOL OF AGRICULTURE AND FOOD SCIENCES","Crop Protection ","Bachelor Of Science With Honours In Clothing And Textiles","Year I",1,1,3,,0,0,
"TMAT  211","Mathematical methods I","Njala Campus",Undergraduate,"SCHOOL OF AGRICULTURE AND FOOD SCIENCES","Crop Science","Bachelor Of Science With Honours In Home Economics And Community Developmen","Year II",1,1,1,,0,0,
"TMAT 211","Mathematical Methods","Njala Campus",Undergraduate,"SCHOOL OF AGRICULTURE AND FOOD SCIENCES","Crop Science","Bachelor Of Science With Honours In Nutrition And Dietetics","Year II",1,1,3,,0,0,
